<?xml version="1.0" encoding="UTF-8"?>
<MyGUI type="Resource" version="1.1">
	<Resource type="ResourceSkin" name="TreeLineExpandCollapse" size="12 12" texture="TreeIcons.png">
		<BasisSkin type="SubSkin" offset="0 0 12 12" align="Stretch">
			<State name="normal" offset="14 1 12 12"/>
			<State name="highlighted" offset="14 27 12 12"/>
			<State name="pushed" offset="14 14 12 12"/>
			<State name="normal_checked" offset="1 1 12 12"/>
			<State name="highlighted_checked" offset="1 27 12 12"/>
			<State name="pushed_checked" offset="1 14 12 12"/>
		</BasisSkin>
	</Resource>
	<Resource type="ResourceSkin" name="TreeSkin" size="23 22" texture="MyGUI_BlueWhiteSkins.png">
		<BasisSkin type="SubSkin" offset="0 0 4 4" align="Left Top">
			<State name="normal" offset="341 2 4 4"/>
		</BasisSkin>
		<BasisSkin type="SubSkin" offset="4 0 13 4" align="HStretch Top">
			<State name="normal" offset="345 2 13 4"/>
		</BasisSkin>
		<BasisSkin type="SubSkin" offset="17 0 6 4" align="Right Top">
			<State name="normal" offset="358 2 6 4"/>
		</BasisSkin>
		<BasisSkin type="SubSkin" offset="17 4 6 12" align="Right VStretch">
			<State name="normal" offset="358 6 6 12"/>
		</BasisSkin>
		<BasisSkin type="SubSkin" offset="17 16 6 6" align="Right Bottom">
			<State name="normal" offset="358 18 6 6"/>
		</BasisSkin>
		<BasisSkin type="SubSkin" offset="4 16 13 6" align="HStretch Bottom">
			<State name="normal" offset="345 18 13 6"/>
		</BasisSkin>
		<BasisSkin type="SubSkin" offset="0 16 4 6" align="Left Bottom">
			<State name="normal" offset="341 18 4 6"/>
		</BasisSkin>
		<BasisSkin type="SubSkin" offset="0 4 4 12" align="Left VStretch">
			<State name="normal" offset="341 6 4 12"/>
		</BasisSkin>
		<BasisSkin type="SubSkin" offset="4 4 13 12" align="Stretch">
			<State name="normal" offset="345 6 13 12"/>
		</BasisSkin>
	</Resource>
	<Resource type="ResourceSkin" name="TreeLineSkin" size="43 10" texture="MyGUI_BlueWhiteSkins.png">
		<BasisSkin type="SubSkin" offset="0 0 2 2" align="Left Top">
			<State name="disabled" offset="204 161 2 2"/>
			<State name="normal" offset="204 161 2 2"/>
			<State name="highlighted" offset="204 174 2 2"/>
			<State name="pushed" offset="204 188 2 2"/>
			<State name="disabled_checked" offset="204 188 2 2"/>
			<State name="normal_checked" offset="204 202 2 2"/>
			<State name="highlighted_checked" offset="204 174 2 2"/>
			<State name="pushed_checked" offset="204 202 2 2"/>
		</BasisSkin>
		<BasisSkin type="SubSkin" offset="2 0 39 2" align="HStretch Top">
			<State name="disabled" offset="206 161 39 2"/>
			<State name="normal" offset="206 161 39 2"/>
			<State name="highlighted" offset="206 174 39 2"/>
			<State name="pushed" offset="206 188 39 2"/>
			<State name="disabled_checked" offset="206 188 39 2"/>
			<State name="normal_checked" offset="206 202 39 2"/>
			<State name="highlighted_checked" offset="206 174 39 2"/>
			<State name="pushed_checked" offset="206 202 39 2"/>
		</BasisSkin>
		<BasisSkin type="SubSkin" offset="41 0 2 2" align="Right Top">
			<State name="disabled" offset="245 161 2 2"/>
			<State name="normal" offset="245 161 2 2"/>
			<State name="highlighted" offset="245 174 2 2"/>
			<State name="pushed" offset="245 188 2 2"/>
			<State name="disabled_checked" offset="245 188 2 2"/>
			<State name="normal_checked" offset="245 202 2 2"/>
			<State name="highlighted_checked" offset="245 174 2 2"/>
			<State name="pushed_checked" offset="245 202 2 2"/>
		</BasisSkin>
		<BasisSkin type="SubSkin" offset="41 2 2 6" align="Right VStretch">
			<State name="disabled" offset="245 163 2 6"/>
			<State name="normal" offset="245 163 2 6"/>
			<State name="highlighted" offset="245 176 2 6"/>
			<State name="pushed" offset="245 190 2 6"/>
			<State name="disabled_checked" offset="245 190 2 6"/>
			<State name="normal_checked" offset="245 204 2 6"/>
			<State name="highlighted_checked" offset="245 176 2 6"/>
			<State name="pushed_checked" offset="245 204 2 6"/>
		</BasisSkin>
		<BasisSkin type="SubSkin" offset="41 8 2 2" align="Right Bottom">
			<State name="disabled" offset="245 169 2 2"/>
			<State name="normal" offset="245 169 2 2"/>
			<State name="highlighted" offset="245 182 2 2"/>
			<State name="pushed" offset="245 196 2 2"/>
			<State name="disabled_checked" offset="245 196 2 2"/>
			<State name="normal_checked" offset="245 210 2 2"/>
			<State name="highlighted_checked" offset="245 182 2 2"/>
			<State name="pushed_checked" offset="245 210 2 2"/>
		</BasisSkin>
		<BasisSkin type="SubSkin" offset="2 8 39 2" align="HStretch Bottom">
			<State name="disabled" offset="206 169 39 2"/>
			<State name="normal" offset="206 169 39 2"/>
			<State name="highlighted" offset="206 182 39 2"/>
			<State name="pushed" offset="206 196 39 2"/>
			<State name="disabled_checked" offset="206 196 39 2"/>
			<State name="normal_checked" offset="206 210 39 2"/>
			<State name="highlighted_checked" offset="206 182 39 2"/>
			<State name="pushed_checked" offset="206 210 39 2"/>
		</BasisSkin>
		<BasisSkin type="SubSkin" offset="0 8 2 2" align="Left Bottom">
			<State name="disabled" offset="204 169 2 2"/>
			<State name="normal" offset="204 169 2 2"/>
			<State name="highlighted" offset="204 182 2 2"/>
			<State name="pushed" offset="204 196 2 2"/>
			<State name="disabled_checked" offset="204 196 2 2"/>
			<State name="normal_checked" offset="204 210 2 2"/>
			<State name="highlighted_checked" offset="204 182 2 2"/>
			<State name="pushed_checked" offset="204 210 2 2"/>
		</BasisSkin>
		<BasisSkin type="SubSkin" offset="0 2 2 6" align="Left VStretch">
			<State name="disabled" offset="204 163 2 6"/>
			<State name="normal" offset="204 163 2 6"/>
			<State name="highlighted" offset="204 176 2 6"/>
			<State name="pushed" offset="204 190 2 6"/>
			<State name="disabled_checked" offset="204 190 2 6"/>
			<State name="normal_checked" offset="204 204 2 6"/>
			<State name="highlighted_checked" offset="204 176 2 6"/>
			<State name="pushed_checked" offset="204 204 2 6"/>
		</BasisSkin>
		<BasisSkin type="SubSkin" offset="2 2 39 6" align="Stretch">
			<State name="disabled" offset="206 163 39 6"/>
			<State name="normal" offset="206 163 39 6"/>
			<State name="highlighted" offset="206 176 39 6"/>
			<State name="pushed" offset="206 190 39 6"/>
			<State name="disabled_checked" offset="206 190 39 6"/>
			<State name="normal_checked" offset="206 204 39 6"/>
			<State name="highlighted_checked" offset="206 176 39 6"/>
			<State name="pushed_checked" offset="206 204 39 6"/>
		</BasisSkin>
		<BasisSkin type="SimpleText" offset="19 1 23 8" align="Stretch">
			<State name="disabled" colour="0 0 0" shift="0"/>
			<State name="normal" colour="0 0 0" shift="0"/>
			<State name="highlighted" colour="0 0 0" shift="0"/>
			<State name="pushed" colour="0 0 0" shift="0"/>
			<State name="disabled_checked" colour="0 0 0" shift="0"/>
			<State name="normal_checked" colour="0 0 0" shift="0"/>
			<State name="highlighted_checked" colour="0 0 0" shift="0"/>
			<State name="pushed_checked" colour="0 0 0" shift="0"/>
		</BasisSkin>
	</Resource>
</MyGUI>
