<?xml version="1.0" encoding="UTF-8"?>
<MyGUI type="HotKeys">
	<Command>
		<Name>Command_QuitApp</Name>
		<KeyCode>Escape</KeyCode>
		<Pressed>true</Pressed>
	</Command>
	<Command>
		<Name>Command_FileLoad</Name>
		<KeyCode>O</KeyCode>
		<Pressed>true</Pressed>
		<Modifier>Control</Modifier>
	</Command>
	<Command>
		<Name>Command_FileLoad</Name>
		<KeyCode>L</KeyCode>
		<Pressed>true</Pressed>
		<Modifier>Control</Modifier>
	</Command>
	<Command>
		<Name>Command_FileSave</Name>
		<KeyCode>S</KeyCode>
		<Pressed>true</Pressed>
		<Modifier>Control</Modifier>
	</Command>
	<Command>
		<Name>Command_Undo</Name>
		<KeyCode>Z</KeyCode>
		<Pressed>true</Pressed>
		<Modifier>Control</Modifier>
	</Command>
	<Command>
		<Name>Command_Redo</Name>
		<KeyCode>Y</KeyCode>
		<Pressed>true</Pressed>
		<Modifier>Control</Modifier>
	</Command>
	<Command>
		<Name>Command_Redo</Name>
		<KeyCode>Z</KeyCode>
		<Pressed>true</Pressed>
		<Modifier>Control Shift</Modifier>
	</Command>
	<Command>
		<Name>Command_Test</Name>
		<KeyCode>T</KeyCode>
		<Pressed>true</Pressed>
		<Modifier>Control</Modifier>
	</Command>
	<Command>
		<Name>Command_ToggleRelativeMode</Name>
		<KeyCode>R</KeyCode>
		<Pressed>true</Pressed>
		<Modifier>Control</Modifier>
	</Command>
	<Command>
		<Name>Command_MoveLeft</Name>
		<KeyCode>ArrowLeft</KeyCode>
		<Pressed>true</Pressed>
		<Modifier>Shift</Modifier>
	</Command>
	<Command>
		<Name>Command_MoveRight</Name>
		<KeyCode>ArrowRight</KeyCode>
		<Pressed>true</Pressed>
		<Modifier>Shift</Modifier>
	</Command>
	<Command>
		<Name>Command_MoveTop</Name>
		<KeyCode>ArrowUp</KeyCode>
		<Pressed>true</Pressed>
		<Modifier>Shift</Modifier>
	</Command>
	<Command>
		<Name>Command_MoveBottom</Name>
		<KeyCode>ArrowDown</KeyCode>
		<Pressed>true</Pressed>
		<Modifier>Shift</Modifier>
	</Command>
	<Command>
		<Name>Command_SizeLeft</Name>
		<KeyCode>ArrowLeft</KeyCode>
		<Pressed>true</Pressed>
		<Modifier>Shift Control</Modifier>
	</Command>
	<Command>
		<Name>Command_SizeRight</Name>
		<KeyCode>ArrowRight</KeyCode>
		<Pressed>true</Pressed>
		<Modifier>Shift Control</Modifier>
	</Command>
	<Command>
		<Name>Command_SizeTop</Name>
		<KeyCode>ArrowUp</KeyCode>
		<Pressed>true</Pressed>
		<Modifier>Shift Control</Modifier>
	</Command>
	<Command>
		<Name>Command_SizeBottom</Name>
		<KeyCode>ArrowDown</KeyCode>
		<Pressed>true</Pressed>
		<Modifier>Shift Control</Modifier>
	</Command>
	<Command>
		<Name>Command_GridMoveLeft</Name>
		<KeyCode>ArrowLeft</KeyCode>
		<Pressed>true</Pressed>
	</Command>
	<Command>
		<Name>Command_GridMoveRight</Name>
		<KeyCode>ArrowRight</KeyCode>
		<Pressed>true</Pressed>
	</Command>
	<Command>
		<Name>Command_GridMoveTop</Name>
		<KeyCode>ArrowUp</KeyCode>
		<Pressed>true</Pressed>
	</Command>
	<Command>
		<Name>Command_GridMoveBottom</Name>
		<KeyCode>ArrowDown</KeyCode>
		<Pressed>true</Pressed>
	</Command>
	<Command>
		<Name>Command_GridSizeLeft</Name>
		<KeyCode>ArrowLeft</KeyCode>
		<Pressed>true</Pressed>
		<Modifier>Control</Modifier>
	</Command>
	<Command>
		<Name>Command_GridSizeRight</Name>
		<KeyCode>ArrowRight</KeyCode>
		<Pressed>true</Pressed>
		<Modifier>Control</Modifier>
	</Command>
	<Command>
		<Name>Command_GridSizeTop</Name>
		<KeyCode>ArrowUp</KeyCode>
		<Pressed>true</Pressed>
		<Modifier>Control</Modifier>
	</Command>
	<Command>
		<Name>Command_GridSizeBottom</Name>
		<KeyCode>ArrowDown</KeyCode>
		<Pressed>true</Pressed>
		<Modifier>Control</Modifier>
	</Command>
	<Command>
		<Name>Command_ChangeNextScale</Name>
		<KeyCode>PageUp</KeyCode>
		<Pressed>true</Pressed>
		<Modifier>Control</Modifier>
	</Command>
	<Command>
		<Name>Command_ChangePrevScale</Name>
		<KeyCode>PageDown</KeyCode>
		<Pressed>true</Pressed>
		<Modifier>Control</Modifier>
	</Command>
	<Command>
		<Name>Command_StatisticInfo</Name>
		<KeyCode>F11</KeyCode>
		<Pressed>true</Pressed>
		<Modifier>Control</Modifier>
	</Command>
	<Command>
		<Name>Command_FocusVisible</Name>
		<KeyCode>F12</KeyCode>
		<Pressed>true</Pressed>
		<Modifier>Control</Modifier>
	</Command>
	<Command>
		<Name>Command_Delete</Name>
		<KeyCode>Delete</KeyCode>
		<Pressed>true</Pressed>
		<Modifier/>
	</Command>
	<Command>
		<Name>Command_NextItem</Name>
		<KeyCode>Tab</KeyCode>
		<Pressed>true</Pressed>
		<Modifier/>
	</Command>
	<Command>
		<Name>Command_FreeChildMode</Name>
		<KeyCode>F4</KeyCode>
		<Pressed>true</Pressed>
		<Modifier/>
	</Command>
	<Command>
		<Name>Command_ScreenShot</Name>
		<KeyCode>SysRq</KeyCode>
		<Pressed>true</Pressed>
		<Modifier/>
	</Command>
</MyGUI>
