<?xml version="1.0" encoding="UTF-8"?>
<Document>
	<DataInfos>
		<DataInfo>
			<Type>Root</Type>
			<Childs>
				<Child>
					<Type>ResourceImageSet</Type>
				</Child>
			</Childs>
		</DataInfo>
		<DataInfo>
			<Type>ResourceImageSet</Type>
			<Properties>
				<Property>
					<Name>Name</Name>
					<Type>String</Type>
				</Property>
			</Properties>
			<Childs>
				<Child>
					<Type>Group</Type>
				</Child>
			</Childs>
		</DataInfo>
		<DataInfo>
			<Type>Group</Type>
			<Properties>
				<Property>
					<Name>Name</Name>
					<Type>String</Type>
				</Property>
				<Property>
					<Name>Texture</Name>
					<Type>Texture</Type>
				</Property>
				<Property>
					<Name>Size</Name>
					<Type>IntSize</Type>
				</Property>
			</Properties>
			<Childs>
				<Child>
					<Type>Index</Type>
				</Child>
			</Childs>
		</DataInfo>
		<DataInfo>
			<Type>Index</Type>
			<Properties>
				<Property>
					<Name>Name</Name>
					<Type>String</Type>
				</Property>
				<Property>
					<Name>Rate</Name>
					<Type>Float</Type>
				</Property>
			</Properties>
			<Childs>
				<Child>
					<Type>Frame</Type>
				</Child>
			</Childs>
		</DataInfo>
		<DataInfo>
			<Type>Frame</Type>
			<Properties>
				<Property>
					<Name>Point</Name>
					<Type>IntPoint</Type>
				</Property>
				<Property>
					<Name>Count</Name>
					<Type>Int</Type>
				</Property>
			</Properties>
		</DataInfo>
	</DataInfos>
</Document>
