<?xml version="1.0" encoding="UTF-8"?>
<Document>
	<DataTypes>
		<DataType>
			<Name>Root</Name>
			<Childs>
				<Child>
					<Type>Skin</Type>
				</Child>
			</Childs>
		</DataType>
		<DataType>
			<Name>Skin</Name>
			<Properties>
				<Property>
					<Name>Name</Name>
					<Type>PropertyStringControl</Type>
					<Initialisator>UniqueNamePropertyInitialisator</Initialisator>
					<Default>unnamed</Default>
					<Visible>true</Visible>
					<ReadOnly>false</ReadOnly>
					<Action>ActionRenameData</Action>
				</Property>
				<Property>
					<Name>UniqueName</Name>
					<Type>PropertyBoolControl</Type>
					<Initialisator/>
					<Default>True</Default>
					<Visible>false</Visible>
					<ReadOnly>true</ReadOnly>
					<Action>ChangeValueAction</Action>
				</Property>
				<Property>
					<Name>Texture</Name>
					<Type>PropertyTexturesControl</Type>
					<Initialisator>TexturePropertyInitialisator</Initialisator>
					<Default/>
					<Visible>true</Visible>
					<ReadOnly>false</ReadOnly>
					<Action>ChangeTextureValueAction</Action>
				</Property>
				<Property>
					<Name>Size</Name>
					<Type>PropertyInt4Control</Type>
					<Initialisator/>
					<Default>0 0 16 16</Default>
					<Visible>true</Visible>
					<ReadOnly>false</ReadOnly>
					<Action>ChangeSkinSizeAction</Action>
				</Property>
			</Properties>
			<Childs>
				<Child>
					<Type>State</Type>
					<Type>Separator</Type>
					<Type>Region</Type>
					<Type>RegionText</Type>
				</Child>
			</Childs>
		</DataType>
		<DataType>
			<Name>State</Name>
			<Properties>
				<Property>
					<Name>Name</Name>
					<Type>PropertyStringControl</Type>
					<Initialisator/>
					<Default/>
					<Visible>false</Visible>
					<ReadOnly>true</ReadOnly>
					<Action/>
				</Property>
				<Property>
					<Name>Point</Name>
					<Type>PropertyInt2Control</Type>
					<Initialisator/>
					<Default>0 0</Default>
					<Visible>true</Visible>
					<ReadOnly>false</ReadOnly>
					<Action>ChangeValueAction</Action>
				</Property>
				<Property>
					<Name>Visible</Name>
					<Type>PropertyBoolControl</Type>
					<Initialisator/>
					<Default>False</Default>
					<Visible>true</Visible>
					<ReadOnly>false</ReadOnly>
					<Action>ChangeValueAction</Action>
				</Property>
				<Property>
					<Name>TextColour</Name>
					<Type>PropertyColourControl</Type>
					<Initialisator/>
					<Default>1 1 1</Default>
					<Visible>true</Visible>
					<ReadOnly>false</ReadOnly>
					<Action>ChangeValueAction</Action>
				</Property>
				<Property>
					<Name>TextShift</Name>
					<Type>PropertyIntControl</Type>
					<Initialisator/>
					<Default>0</Default>
					<Visible>true</Visible>
					<ReadOnly>false</ReadOnly>
					<Action>ChangeValueAction</Action>
				</Property>
			</Properties>
		</DataType>
		<DataType>
			<Name>Separator</Name>
			<Properties>
				<Property>
					<Name>Name</Name>
					<Type>PropertyStringControl</Type>
					<Initialisator/>
					<Default/>
					<Visible>false</Visible>
					<ReadOnly>true</ReadOnly>
					<Action/>
				</Property>
				<Property>
					<Name>Offset</Name>
					<Type>PropertyIntControl</Type>
					<Initialisator/>
					<Default>2</Default>
					<Visible>true</Visible>
					<ReadOnly>false</ReadOnly>
					<Action>ChangeSeparatorOffsetAction</Action>
				</Property>
				<Property>
					<Name>Visible</Name>
					<Type>PropertyBoolControl</Type>
					<Initialisator/>
					<Default>False</Default>
					<Visible>true</Visible>
					<ReadOnly>false</ReadOnly>
					<Action>ChangeSeparatorVisibleAction</Action>
				</Property>
			</Properties>
		</DataType>
		<DataType>
			<Name>Region</Name>
			<Properties>
				<Property>
					<Name>Name</Name>
					<Type>PropertyStringControl</Type>
					<Initialisator/>
					<Default/>
					<Visible>false</Visible>
					<ReadOnly>true</ReadOnly>
					<Action/>
				</Property>
				<Property>
					<Name>Coord</Name>
					<Type>PropertyInt4Control</Type>
					<Initialisator/>
					<Default>0 0 0 0</Default>
					<Visible>true</Visible>
					<ReadOnly>true</ReadOnly>
					<Action/>
				</Property>
				<Property>
					<Name>Visible</Name>
					<Type>PropertyBoolControl</Type>
					<Initialisator/>
					<Default>False</Default>
					<Visible>true</Visible>
					<ReadOnly>false</ReadOnly>
					<Action>ChangeValueAction</Action>
				</Property>
				<Property>
					<Name>Enable</Name>
					<Type>PropertyBoolControl</Type>
					<Initialisator/>
					<Default>False</Default>
					<Visible>true</Visible>
					<ReadOnly>true</ReadOnly>
					<Action/>
				</Property>
				<Property>
					<Name>Type</Name>
					<Type>PropertyRegionTypeControl</Type>
					<Initialisator/>
					<Default>SubSkin</Default>
					<Visible>true</Visible>
					<ReadOnly>false</ReadOnly>
					<Action>ChangeValueAction</Action>
				</Property>
			</Properties>
		</DataType>
		<DataType>
			<Name>RegionText</Name>
			<Friend>Region</Friend>
			<Properties>
				<Property>
					<Name>Name</Name>
					<Type>PropertyStringControl</Type>
					<Initialisator/>
					<Default/>
					<Visible>false</Visible>
					<ReadOnly>true</ReadOnly>
					<Action/>
				</Property>
				<Property>
					<Name>Coord</Name>
					<Type>PropertyInt4Control</Type>
					<Initialisator/>
					<Default>2 2 12 12</Default>
					<Visible>true</Visible>
					<ReadOnly>false</ReadOnly>
					<Action>ChangeValueAction</Action>
				</Property>
				<Property>
					<Name>Visible</Name>
					<Type>PropertyBoolControl</Type>
					<Initialisator/>
					<Default>False</Default>
					<Visible>true</Visible>
					<ReadOnly>false</ReadOnly>
					<Action>ChangeValueAction</Action>
				</Property>
				<Property>
					<Name>Enable</Name>
					<Type>PropertyBoolControl</Type>
					<Initialisator/>
					<Default>True</Default>
					<Visible>false</Visible>
					<ReadOnly>true</ReadOnly>
					<Action/>
				</Property>
				<Property>
					<Name>Type</Name>
					<Type>PropertyRegionTextTypeControl</Type>
					<Initialisator/>
					<Default>SimpleText</Default>
					<Visible>true</Visible>
					<ReadOnly>false</ReadOnly>
					<Action>ChangeValueAction</Action>
				</Property>
				<Property>
					<Name>Align</Name>
					<Type>PropertyAlignControl</Type>
					<Initialisator/>
					<Default>Stretch</Default>
					<Visible>true</Visible>
					<ReadOnly>false</ReadOnly>
					<Action>ChangeValueAction</Action>
				</Property>
			</Properties>
		</DataType>
	</DataTypes>
</Document>
