<?xml version="1.0" encoding="UTF-8"?>
<MyGUI type="Resource" version="1.1">
	<Resource type="ResourceManualPointer" name="ptr_Normal">
		<Property key="Point" value="1 7"/>
		<Property key="Size" value="32 32"/>
		<Property key="Texture" value="Crystal_Clear_action_1leftarrow.png"/>
		<Property key="Coord" value="0 0 32 32"/>
	</Resource>
	<Resource type="ResourceManualPointer" name="ptr_Repair">
		<Property key="Point" value="16 16"/>
		<Property key="Size" value="32 32"/>
		<Property key="Texture" value="Crystal_Clear_action_configure.png"/>
		<Property key="Coord" value="0 0 32 32"/>
	</Resource>
	<Resource type="ResourceManualPointer" name="ptr_Repair2">
		<Property key="Point" value="16 16"/>
		<Property key="Size" value="32 32"/>
		<Property key="Texture" value="Crystal_Clear_app_utilities.png"/>
		<Property key="Coord" value="0 0 32 32"/>
	</Resource>
	<Resource type="ResourceManualPointer" name="ptr_Failed">
		<Property key="Point" value="16 16"/>
		<Property key="Size" value="32 32"/>
		<Property key="Texture" value="Crystal_Clear_action_editdelete.png"/>
		<Property key="Coord" value="0 0 32 32"/>
	</Resource>
	<Resource type="ResourceManualPointer" name="ptr_FlagGreen">
		<Property key="Point" value="16 16"/>
		<Property key="Size" value="32 32"/>
		<Property key="Texture" value="Crystal_Clear_action_flag2.png"/>
		<Property key="Coord" value="0 0 32 32"/>
	</Resource>
	<Resource type="ResourceManualPointer" name="ptr_FlagRed">
		<Property key="Point" value="16 16"/>
		<Property key="Size" value="32 32"/>
		<Property key="Texture" value="Crystal_Clear_action_flag.png"/>
		<Property key="Coord" value="0 0 32 32"/>
	</Resource>
	<Resource type="ResourceManualPointer" name="ptr_Attack">
		<Property key="Point" value="16 16"/>
		<Property key="Size" value="32 32"/>
		<Property key="Texture" value="Crystal_Clear_app_quick_restart.png"/>
		<Property key="Coord" value="0 0 32 32"/>
	</Resource>
	<Resource type="ResourceManualPointer" name="ptr_Attack2">
		<Property key="Point" value="16 16"/>
		<Property key="Size" value="32 32"/>
		<Property key="Texture" value="Crystal_Clear_app_cache.png"/>
		<Property key="Coord" value="0 0 32 32"/>
	</Resource>
	<Resource type="ResourceManualPointer" name="ptr_Busy">
		<Property key="Point" value="16 16"/>
		<Property key="Size" value="32 32"/>
		<Property key="Texture" value="Crystal_Clear_app_xclock.png"/>
		<Property key="Coord" value="0 0 32 32"/>
	</Resource>
</MyGUI>
