<?xml version="1.0" encoding="UTF-8"?>
<MyGUI>
	<Tag name="File">File</Tag>
	<Tag name="Widgets">Widgets</Tag>
	<Tag name="Load">Load ...</Tag>
	<Tag name="Save">Save</Tag>
	<Tag name="Save_as">Save as...</Tag>
	<Tag name="Clear">Clear</Tag>
	<Tag name="Settings">Settings</Tag>
	<Tag name="Test">#{ColourMenuTest}Test</Tag>
	<Tag name="Code_Generator">Code generator</Tag>
	<Tag name="RecentFiles">Recent files</Tag>
	<Tag name="Quit">Quit</Tag>
	<Tag name="Properties">Properties</Tag>
	<Tag name="Main_properties">Main properties</Tag>
	<Tag name="Widget_type_propertes">#{widget_type} properties</Tag>
	<Tag name="Properties_not_available">#808080#{widget_type} properties</Tag>
	<Tag name="Items">Items</Tag>
	<Tag name="PanelTemplatePropertiesName">Template properties</Tag>
	<Tag name="PanelUserDataName">User data</Tag>
	<Tag name="PanelControllersName">Controllers</Tag>
	<Tag name="PanelExtensionPropertiesName">Extension properties</Tag>
	<Tag name="Project">Project</Tag>
	<Tag name="MenuProjectCreate">Create project ...</Tag>
	<Tag name="MenuProjectLoad">Load project ...</Tag>
	<Tag name="MenuProjectClose">Close project</Tag>
	<Tag name="MenuRecentProjects">Recent projects </Tag>
	<Tag name="MenuProjectDeleteItem">Delete selected layout from project</Tag>
	<Tag name="MenuProjectRenameItem">Rename selected layout in project ...</Tag>
	<Tag name="MenuProjectAddItem">Add layout to project</Tag>
	<Tag name="MenuUpdateResources">Update resources</Tag>
	<Tag name="MenuColours">Colours</Tag>
	<Tag name="MenuColourBackground">Background colour ...</Tag>
	<Tag name="MenuColourSelector">Selector colour ...</Tag>
	<Tag name="MenuColourSelectorInactive">Inactive selector colour ...</Tag>
	<Tag name="MenuScale">Scale</Tag>
	<Tag name="MenuEdit">Edit</Tag>
	<Tag name="MenuUndo">Undo</Tag>
	<Tag name="MenuRedo">Redo</Tag>
	<Tag name="Add">Add</Tag>
	<Tag name="Delete">Delete</Tag>
	<Tag name="Select">Select</Tag>
	<Tag name="GeneralSettings">General</Tag>
	<Tag name="WidgetsSettings">Widgets</Tag>
	<Tag name="FoldersSettings">Folders</Tag>
	<Tag name="ResourcesSettings">Resources</Tag>
	<Tag name="Grid_step">Grid step</Tag>
	<Tag name="LayoutVersion">Layout version</Tag>
	<Tag name="Show_widget_name">Show widget name</Tag>
	<Tag name="Show_widget_type">Show widget type</Tag>
	<Tag name="Show_widget_skin">Show widget skin</Tag>
	<Tag name="Autohide_editor_panels">Autohide editor panels</Tag>
	<Tag name="SettingsLoadLastProject">Load last project</Tag>
	<Tag name="SettingsTabUpdateResources">Update</Tag>
	<Tag name="SettingsTextUpdateResources">Resources for update</Tag>
	<Tag name="SettingsUpdateResources">Update</Tag>
	<Tag name="SettingsWorkspaceSize">Workspace size</Tag>
	<Tag name="TextInterfaceLanguage">Language</Tag>
	<Tag name="Key">Key</Tag>
	<Tag name="Value">Value</Tag>
	<Tag name="Select_file_name">Select file name</Tag>
	<Tag name="ResourcesPaths">Path to resources (restart required)</Tag>
	<Tag name="TextAdditionalResources">Additional resources (restart required)</Tag>
	<Tag name="OK">OK</Tag>
	<Tag name="Ok">Оk</Tag>
	<Tag name="Cancel">Cancel</Tag>
	<Tag name="Warning">Warning</Tag>
	<Tag name="Error">Error</Tag>
	<Tag name="CaptionMainWindow">Layout editor - '#{CurrentFileName}' #{CurrentScale} % #{HasChanged}</Tag>
	<Tag name="CaptionProjectMainWindow">Layout editor - '#{CurrentFileName}' [#{CurrentItemFileName}] #{CurrentScale} % #{HasChanged}</Tag>
	<Tag name="CaptionEnterName">Enter name</Tag>
	<Tag name="CaptionOpenFile">Open file</Tag>
	<Tag name="CaptionCreateFile">Create file</Tag>
	<Tag name="CaptionSaveFile">Save file</Tag>
	<Tag name="CaptionExportFile">Export file</Tag>
	<Tag name="CaptionColourPicker">Colour picker</Tag>
	<Tag name="CaptionTestWindow">Test</Tag>
	<Tag name="CaptionOpenFolder">Select folder</Tag>
	<Tag name="CaptionAddResource">Enter file name</Tag>
	<Tag name="CaptionRenameLayout">Enter layout name</Tag>
	<Tag name="ButtonOpenFile">Open</Tag>
	<Tag name="ButtonCreateFile">Create</Tag>
	<Tag name="ButtonSaveFile">Save</Tag>
	<Tag name="ButtonOpenFolder">Select</Tag>
	<Tag name="ButtonPopupMode">Popup mode</Tag>
	<Tag name="ButtonUp">Up</Tag>
	<Tag name="MessageUnsavedData">You have unsaved changes. Do you want to save it?</Tag>
	<Tag name="MessageFailedLoadFile">Failed to load file '#{CurrentFileName}'</Tag>
	<Tag name="MessageFailedSaveFile">Failed to save file '#{CurrentFileName}'</Tag>
	<Tag name="MessageFailedLoadProject">Failed to load project '#{CurrentProjectName}'</Tag>
	<Tag name="MessageDeleteLayout">Are you sure you want to delete layout?</Tag>
	<Tag name="MessageFileExist">File already exist.</Tag>
	<Tag name="MessageProjectItemOpen">Project item is opened in editor, close it and try again.</Tag>
	<Tag name="MessageProjectNotOpen">Project not found.</Tag>
	<Tag name="to_percents">%</Tag>
	<Tag name="to_pixels">pixels</Tag>
	<Tag name="MenuItemWidgetInfo">#{FormatWidgetName}#{FormatWidgetType}#{FormatWidgetSkin}</Tag>
	<Tag name="PatternWidgetName">#{ColourMenuName}'#{WidgetName}' </Tag>
	<Tag name="PatternWidgetType">#{ColourMenuType}[#{WidgetType}] </Tag>
	<Tag name="PatternWidgetSkin">#{ColourMenuSkin}#{WidgetSkin} </Tag>
	<Tag name="FormatRecentFile">#{IndexRecentFile}: #{RecentFile}</Tag>
	<Tag name="FormatRecentProject">#{IndexRecentProject}: #{RecentProject}</Tag>
	<Tag name="CG_PanelName">Panel name</Tag>
	<Tag name="CG_PanelNamespace">Namespace</Tag>
	<Tag name="CG_IncludeDirectory">Include directory</Tag>
	<Tag name="CG_SourceDirectory">Source directory</Tag>
	<Tag name="CG_Generate">Generate</Tag>
	<Tag name="ColourZero">Zero</Tag>
	<Tag name="ColourBlack">Black</Tag>
	<Tag name="ColourWhite">White</Tag>
	<Tag name="ColourRed">Red</Tag>
	<Tag name="ColourGreen">Green</Tag>
	<Tag name="ColourBlue">Blue</Tag>
	<Tag name="ColourAlpha">Alpha</Tag>
	<Tag name="Scale50">50 %</Tag>
	<Tag name="Scale100">100 %</Tag>
	<Tag name="Scale200">200 %</Tag>
	<Tag name="Scale400">400 %</Tag>
	<Tag name="Scale800">800 %</Tag>
	<Tag name="Scale1600">1600 %</Tag>
</MyGUI>
