<?xml version="1.0" encoding="UTF-8"?>
<MyGUI type="Resource" version="1.1">
	<Resource type="ResourceSkin" name="ButtonSkin_Dark" size="50 20" texture="MyGUI_Dark.png">
		<BasisSkin type="SubSkin" offset="0 0 5 5" align="Left Top">
			<State name="disabled" offset="2 2 5 5"/>
			<State name="normal" offset="2 2 5 5"/>
			<State name="highlighted" offset="2 24 5 5"/>
			<State name="pushed" offset="2 46 5 5"/>
		</BasisSkin>
		<BasisSkin type="SubSkin" offset="5 0 40 5" align="HStretch Top">
			<State name="disabled" offset="7 2 40 5"/>
			<State name="normal" offset="7 2 40 5"/>
			<State name="highlighted" offset="7 24 40 5"/>
			<State name="pushed" offset="7 46 40 5"/>
		</BasisSkin>
		<BasisSkin type="SubSkin" offset="45 0 5 5" align="Right Top">
			<State name="disabled" offset="47 2 5 5"/>
			<State name="normal" offset="47 2 5 5"/>
			<State name="highlighted" offset="47 24 5 5"/>
			<State name="pushed" offset="47 46 5 5"/>
		</BasisSkin>
		<BasisSkin type="SubSkin" offset="45 5 5 10" align="Right VStretch">
			<State name="disabled" offset="47 7 5 10"/>
			<State name="normal" offset="47 7 5 10"/>
			<State name="highlighted" offset="47 29 5 10"/>
			<State name="pushed" offset="47 51 5 10"/>
		</BasisSkin>
		<BasisSkin type="SubSkin" offset="45 15 5 5" align="Right Bottom">
			<State name="disabled" offset="47 17 5 5"/>
			<State name="normal" offset="47 17 5 5"/>
			<State name="highlighted" offset="47 39 5 5"/>
			<State name="pushed" offset="47 61 5 5"/>
		</BasisSkin>
		<BasisSkin type="SubSkin" offset="5 15 40 5" align="HStretch Bottom">
			<State name="disabled" offset="7 17 40 5"/>
			<State name="normal" offset="7 17 40 5"/>
			<State name="highlighted" offset="7 39 40 5"/>
			<State name="pushed" offset="7 61 40 5"/>
		</BasisSkin>
		<BasisSkin type="SubSkin" offset="0 15 5 5" align="Left Bottom">
			<State name="disabled" offset="2 17 5 5"/>
			<State name="normal" offset="2 17 5 5"/>
			<State name="highlighted" offset="2 39 5 5"/>
			<State name="pushed" offset="2 61 5 5"/>
		</BasisSkin>
		<BasisSkin type="SubSkin" offset="0 5 5 10" align="Left VStretch">
			<State name="disabled" offset="2 7 5 10"/>
			<State name="normal" offset="2 7 5 10"/>
			<State name="highlighted" offset="2 29 5 10"/>
			<State name="pushed" offset="2 51 5 10"/>
		</BasisSkin>
		<BasisSkin type="SubSkin" offset="5 5 40 10" align="Stretch">
			<State name="disabled" offset="7 7 40 10"/>
			<State name="normal" offset="7 7 40 10"/>
			<State name="highlighted" offset="7 29 40 10"/>
			<State name="pushed" offset="7 51 40 10"/>
		</BasisSkin>
		<BasisSkin type="SimpleText" offset="2 2 46 16" align="Stretch">
			<State name="disabled" colour="0.199219 0.199219 0.199219" shift="0"/>
			<State name="normal" colour="1 1 1" shift="0"/>
			<State name="highlighted" colour="0.199219 0.199219 0.199219" shift="0"/>
			<State name="pushed" colour="1 1 1" shift="0"/>
		</BasisSkin>
	</Resource>
	<Resource type="ResourceSkin" name="ButtonPlaySkin_Dark" size="14 14" texture="MyGUI_Dark.png">
		<BasisSkin type="SubSkin" offset="0 0 14 14" align="Stretch">
			<State name="normal" offset="106 54 14 14"/>
			<State name="highlighted" offset="106 70 14 14"/>
			<State name="pushed" offset="106 54 14 14"/>
			<State name="normal_checked" offset="122 54 14 14"/>
			<State name="highlighted_checked" offset="122 70 14 14"/>
			<State name="pushed_checked" offset="122 54 14 14"/>
		</BasisSkin>
	</Resource>
	<Resource type="ResourceSkin" name="ButtonPrevSkin_Dark" size="14 14" texture="MyGUI_Dark.png">
		<BasisSkin type="SubSkin" offset="0 0 14 14" align="Stretch">
			<State name="normal" offset="138 54 14 14"/>
			<State name="highlighted" offset="138 70 14 14"/>
			<State name="pushed" offset="138 54 14 14"/>
		</BasisSkin>
	</Resource>
	<Resource type="ResourceSkin" name="ButtonNextSkin_Dark" size="14 14" texture="MyGUI_Dark.png">
		<BasisSkin type="SubSkin" offset="0 0 14 14" align="Stretch">
			<State name="normal" offset="138 86 14 14"/>
			<State name="highlighted" offset="138 102 14 14"/>
			<State name="pushed" offset="138 86 14 14"/>
		</BasisSkin>
	</Resource>
	<Resource type="ResourceSkin" name="ExpandSkin_Dark" size="10 6" texture="MyGUI_Dark.png">
		<BasisSkin type="SubSkin" offset="0 0 10 6" align="Stretch">
			<State name="normal" offset="240 2 10 6"/>
			<State name="highlighted" offset="240 10 10 6"/>
			<State name="pushed" offset="240 116 10 6"/>
			<State name="normal_checked" offset="240 19 10 6"/>
			<State name="highlighted_checked" offset="240 28 10 6"/>
			<State name="pushed_checked" offset="240 108 10 6"/>
		</BasisSkin>
	</Resource>
	<Resource type="ResourceSkin" name="EditBoxSkin_Dark" size="50 20" texture="MyGUI_Dark.png">
		<BasisSkin type="SubSkin" offset="0 0 5 5" align="Left Top">
			<State name="disabled" offset="54 2 5 5"/>
			<State name="normal" offset="54 2 5 5"/>
			<State name="highlighted" offset="54 2 5 5"/>
			<State name="pushed" offset="54 2 5 5"/>
		</BasisSkin>
		<BasisSkin type="SubSkin" offset="5 0 40 5" align="HStretch Top">
			<State name="disabled" offset="59 2 40 5"/>
			<State name="normal" offset="59 2 40 5"/>
			<State name="highlighted" offset="59 2 40 5"/>
			<State name="pushed" offset="59 2 40 5"/>
		</BasisSkin>
		<BasisSkin type="SubSkin" offset="45 0 5 5" align="Right Top">
			<State name="disabled" offset="99 2 5 5"/>
			<State name="normal" offset="99 2 5 5"/>
			<State name="highlighted" offset="99 2 5 5"/>
			<State name="pushed" offset="99 2 5 5"/>
		</BasisSkin>
		<BasisSkin type="SubSkin" offset="45 5 5 10" align="Right VStretch">
			<State name="disabled" offset="99 7 5 10"/>
			<State name="normal" offset="99 7 5 10"/>
			<State name="highlighted" offset="99 7 5 10"/>
			<State name="pushed" offset="99 7 5 10"/>
		</BasisSkin>
		<BasisSkin type="SubSkin" offset="45 15 5 5" align="Right Bottom">
			<State name="disabled" offset="99 17 5 5"/>
			<State name="normal" offset="99 17 5 5"/>
			<State name="highlighted" offset="99 17 5 5"/>
			<State name="pushed" offset="99 17 5 5"/>
		</BasisSkin>
		<BasisSkin type="SubSkin" offset="5 15 40 5" align="HStretch Bottom">
			<State name="disabled" offset="59 17 40 5"/>
			<State name="normal" offset="59 17 40 5"/>
			<State name="highlighted" offset="59 17 40 5"/>
			<State name="pushed" offset="59 17 40 5"/>
		</BasisSkin>
		<BasisSkin type="SubSkin" offset="0 15 5 5" align="Left Bottom">
			<State name="disabled" offset="54 17 5 5"/>
			<State name="normal" offset="54 17 5 5"/>
			<State name="highlighted" offset="54 17 5 5"/>
			<State name="pushed" offset="54 17 5 5"/>
		</BasisSkin>
		<BasisSkin type="SubSkin" offset="0 5 5 10" align="Left VStretch">
			<State name="disabled" offset="54 7 5 10"/>
			<State name="normal" offset="54 7 5 10"/>
			<State name="highlighted" offset="54 7 5 10"/>
			<State name="pushed" offset="54 7 5 10"/>
		</BasisSkin>
		<BasisSkin type="SubSkin" offset="5 5 40 10" align="Stretch">
			<State name="disabled" offset="59 7 40 10"/>
			<State name="normal" offset="59 7 40 10"/>
			<State name="highlighted" offset="59 7 40 10"/>
			<State name="pushed" offset="59 7 40 10"/>
		</BasisSkin>
	</Resource>
	<Resource type="ResourceSkin" name="EditClientSkin_Dark" size="16 16">
		<BasisSkin type="EditText" offset="0 0 16 16" align="Stretch">
			<State name="disabled" colour="0.398438 0.398438 0.398438" shift="0"/>
			<State name="normal" colour="1 1 1" shift="0"/>
		</BasisSkin>
	</Resource>
	<Resource type="ResourceSkin" name="ListBoxItemSkin_Dark" size="20 20" texture="MyGUI_Dark.png">
		<BasisSkin type="SubSkin" offset="0 0 5 5" align="Left Top">
			<State name="normal" offset="206 90 5 5"/>
			<State name="highlighted" offset="206 46 5 5"/>
			<State name="normal_checked" offset="206 24 5 5"/>
			<State name="highlighted_checked" offset="206 2 5 5"/>
		</BasisSkin>
		<BasisSkin type="SubSkin" offset="5 0 10 5" align="HStretch Top">
			<State name="normal" offset="211 90 10 5"/>
			<State name="highlighted" offset="211 46 10 5"/>
			<State name="normal_checked" offset="211 24 10 5"/>
			<State name="highlighted_checked" offset="211 2 10 5"/>
		</BasisSkin>
		<BasisSkin type="SubSkin" offset="15 0 5 5" align="Right Top">
			<State name="normal" offset="221 90 5 5"/>
			<State name="highlighted" offset="221 46 5 5"/>
			<State name="normal_checked" offset="221 24 5 5"/>
			<State name="highlighted_checked" offset="221 2 5 5"/>
		</BasisSkin>
		<BasisSkin type="SubSkin" offset="15 5 5 10" align="Right VStretch">
			<State name="normal" offset="221 95 5 10"/>
			<State name="highlighted" offset="221 51 5 10"/>
			<State name="normal_checked" offset="221 29 5 10"/>
			<State name="highlighted_checked" offset="221 7 5 10"/>
		</BasisSkin>
		<BasisSkin type="SubSkin" offset="15 15 5 5" align="Right Bottom">
			<State name="normal" offset="221 105 5 5"/>
			<State name="highlighted" offset="221 61 5 5"/>
			<State name="normal_checked" offset="221 39 5 5"/>
			<State name="highlighted_checked" offset="221 17 5 5"/>
		</BasisSkin>
		<BasisSkin type="SubSkin" offset="5 15 10 5" align="HStretch Bottom">
			<State name="normal" offset="211 105 10 5"/>
			<State name="highlighted" offset="211 61 10 5"/>
			<State name="normal_checked" offset="211 39 10 5"/>
			<State name="highlighted_checked" offset="211 17 10 5"/>
		</BasisSkin>
		<BasisSkin type="SubSkin" offset="0 15 5 5" align="Left Bottom">
			<State name="normal" offset="206 105 5 5"/>
			<State name="highlighted" offset="206 61 5 5"/>
			<State name="normal_checked" offset="206 39 5 5"/>
			<State name="highlighted_checked" offset="206 17 5 5"/>
		</BasisSkin>
		<BasisSkin type="SubSkin" offset="0 5 5 10" align="Left VStretch">
			<State name="normal" offset="206 95 5 10"/>
			<State name="highlighted" offset="206 51 5 10"/>
			<State name="normal_checked" offset="206 29 5 10"/>
			<State name="highlighted_checked" offset="206 7 5 10"/>
		</BasisSkin>
		<BasisSkin type="SubSkin" offset="5 5 10 10" align="Stretch">
			<State name="normal" offset="211 95 10 10"/>
			<State name="highlighted" offset="211 51 10 10"/>
			<State name="normal_checked" offset="211 29 10 10"/>
			<State name="highlighted_checked" offset="211 7 10 10"/>
		</BasisSkin>
		<BasisSkin type="SimpleText" offset="2 2 16 16" align="Stretch">
			<State name="normal" colour="1 1 1" shift="0"/>
			<State name="highlighted" colour="1 1 1" shift="0"/>
			<State name="normal_checked" colour="0.199219 0.199219 0.199219" shift="0"/>
			<State name="highlighted_checked" colour="0.199219 0.199219 0.199219" shift="0"/>
		</BasisSkin>
	</Resource>
	<Resource type="ResourceSkin" name="ListBoxSkin_Dark" size="50 20" texture="MyGUI_Dark.png">
		<BasisSkin type="SubSkin" offset="0 0 5 5" align="Left Top">
			<State name="normal" offset="54 2 5 5"/>
		</BasisSkin>
		<BasisSkin type="SubSkin" offset="5 0 40 5" align="HStretch Top">
			<State name="normal" offset="59 2 40 5"/>
		</BasisSkin>
		<BasisSkin type="SubSkin" offset="45 0 5 5" align="Right Top">
			<State name="normal" offset="99 2 5 5"/>
		</BasisSkin>
		<BasisSkin type="SubSkin" offset="45 5 5 10" align="Right VStretch">
			<State name="normal" offset="99 7 5 10"/>
		</BasisSkin>
		<BasisSkin type="SubSkin" offset="45 15 5 5" align="Right Bottom">
			<State name="normal" offset="99 17 5 5"/>
		</BasisSkin>
		<BasisSkin type="SubSkin" offset="5 15 40 5" align="HStretch Bottom">
			<State name="normal" offset="59 17 40 5"/>
		</BasisSkin>
		<BasisSkin type="SubSkin" offset="0 15 5 5" align="Left Bottom">
			<State name="normal" offset="54 17 5 5"/>
		</BasisSkin>
		<BasisSkin type="SubSkin" offset="0 5 5 10" align="Left VStretch">
			<State name="normal" offset="54 7 5 10"/>
		</BasisSkin>
		<BasisSkin type="SubSkin" offset="5 5 40 10" align="Stretch">
			<State name="normal" offset="59 7 40 10"/>
		</BasisSkin>
	</Resource>
	<Resource type="ResourceSkin" name="ListBox2Skin_Dark" size="50 20" texture="MyGUI_Dark.png">
		<BasisSkin type="SubSkin" offset="0 0 5 5" align="Left Top">
			<State name="normal" offset="54 24 5 5"/>
		</BasisSkin>
		<BasisSkin type="SubSkin" offset="5 0 40 5" align="HStretch Top">
			<State name="normal" offset="59 24 40 5"/>
		</BasisSkin>
		<BasisSkin type="SubSkin" offset="45 0 5 5" align="Right Top">
			<State name="normal" offset="99 24 5 5"/>
		</BasisSkin>
		<BasisSkin type="SubSkin" offset="45 5 5 10" align="Right VStretch">
			<State name="normal" offset="99 29 5 10"/>
		</BasisSkin>
		<BasisSkin type="SubSkin" offset="45 15 5 5" align="Right Bottom">
			<State name="normal" offset="99 39 5 5"/>
		</BasisSkin>
		<BasisSkin type="SubSkin" offset="5 15 40 5" align="HStretch Bottom">
			<State name="normal" offset="59 39 40 5"/>
		</BasisSkin>
		<BasisSkin type="SubSkin" offset="0 15 5 5" align="Left Bottom">
			<State name="normal" offset="54 39 5 5"/>
		</BasisSkin>
		<BasisSkin type="SubSkin" offset="0 5 5 10" align="Left VStretch">
			<State name="normal" offset="54 29 5 10"/>
		</BasisSkin>
		<BasisSkin type="SubSkin" offset="5 5 40 10" align="Stretch">
			<State name="normal" offset="59 29 40 10"/>
		</BasisSkin>
	</Resource>
	<Resource type="ResourceSkin" name="ComboBoxButtonSkin_Dark" size="14 18" texture="MyGUI_Dark.png">
		<BasisSkin type="SubSkin" offset="0 0 5 5" align="Left Top">
			<State name="disabled" offset="190 63 5 5"/>
			<State name="normal" offset="190 2 5 5"/>
			<State name="highlighted" offset="190 22 5 5"/>
			<State name="pushed" offset="190 43 5 5"/>
		</BasisSkin>
		<BasisSkin type="SubSkin" offset="5 0 4 5" align="HStretch Top">
			<State name="disabled" offset="195 63 4 5"/>
			<State name="normal" offset="195 2 4 5"/>
			<State name="highlighted" offset="195 22 4 5"/>
			<State name="pushed" offset="195 43 4 5"/>
		</BasisSkin>
		<BasisSkin type="SubSkin" offset="9 0 5 5" align="Right Top">
			<State name="disabled" offset="199 63 5 5"/>
			<State name="normal" offset="199 2 5 5"/>
			<State name="highlighted" offset="199 22 5 5"/>
			<State name="pushed" offset="199 43 5 5"/>
		</BasisSkin>
		<BasisSkin type="SubSkin" offset="9 5 5 8" align="Right VStretch">
			<State name="disabled" offset="199 68 5 8"/>
			<State name="normal" offset="199 7 5 8"/>
			<State name="highlighted" offset="199 27 5 8"/>
			<State name="pushed" offset="199 48 5 8"/>
		</BasisSkin>
		<BasisSkin type="SubSkin" offset="9 13 5 5" align="Right Bottom">
			<State name="disabled" offset="199 76 5 5"/>
			<State name="normal" offset="199 15 5 5"/>
			<State name="highlighted" offset="199 35 5 5"/>
			<State name="pushed" offset="199 56 5 5"/>
		</BasisSkin>
		<BasisSkin type="SubSkin" offset="5 13 4 5" align="HStretch Bottom">
			<State name="disabled" offset="195 76 4 5"/>
			<State name="normal" offset="195 15 4 5"/>
			<State name="highlighted" offset="195 35 4 5"/>
			<State name="pushed" offset="195 56 4 5"/>
		</BasisSkin>
		<BasisSkin type="SubSkin" offset="0 13 5 5" align="Left Bottom">
			<State name="disabled" offset="190 76 5 5"/>
			<State name="normal" offset="190 15 5 5"/>
			<State name="highlighted" offset="190 35 5 5"/>
			<State name="pushed" offset="190 56 5 5"/>
		</BasisSkin>
		<BasisSkin type="SubSkin" offset="0 5 5 8" align="Left VStretch">
			<State name="disabled" offset="190 68 5 8"/>
			<State name="normal" offset="190 7 5 8"/>
			<State name="highlighted" offset="190 27 5 8"/>
			<State name="pushed" offset="190 48 5 8"/>
		</BasisSkin>
		<BasisSkin type="SubSkin" offset="5 5 4 8" align="Stretch">
			<State name="disabled" offset="195 68 4 8"/>
			<State name="normal" offset="195 7 4 8"/>
			<State name="highlighted" offset="195 27 4 8"/>
			<State name="pushed" offset="195 48 4 8"/>
		</BasisSkin>
	</Resource>
	<Resource type="ResourceSkin" name="CheckBoxSkin_Dark" size="15 13" texture="MyGUI_Dark.png">
		<BasisSkin type="SubSkin" offset="0 0 13 13" align="Left Top">
			<State name="normal" offset="158 2 13 13"/>
			<State name="highlighted" offset="158 16 13 13"/>
			<State name="pushed" offset="158 16 13 13"/>
			<State name="normal_checked" offset="158 30 13 13"/>
			<State name="highlighted_checked" offset="158 44 13 13"/>
			<State name="pushed_checked" offset="158 44 13 13"/>
		</BasisSkin>
		<BasisSkin type="SubSkin" offset="13 0 2 13" align="HStretch Top">
			<State name="normal" offset="171 2 2 13"/>
			<State name="highlighted" offset="171 16 2 13"/>
			<State name="pushed" offset="171 16 2 13"/>
			<State name="normal_checked" offset="171 30 2 13"/>
			<State name="highlighted_checked" offset="171 44 2 13"/>
			<State name="pushed_checked" offset="171 44 2 13"/>
		</BasisSkin>
		<BasisSkin type="SubSkin" offset="0 13 13 0" align="Left VStretch">
			<State name="normal" offset="158 15 13 0"/>
			<State name="highlighted" offset="158 29 13 0"/>
			<State name="pushed" offset="158 29 13 0"/>
			<State name="normal_checked" offset="158 43 13 0"/>
			<State name="highlighted_checked" offset="158 57 13 0"/>
			<State name="pushed_checked" offset="158 57 13 0"/>
		</BasisSkin>
		<BasisSkin type="SubSkin" offset="13 13 2 0" align="Stretch">
			<State name="normal" offset="171 15 2 0"/>
			<State name="highlighted" offset="171 29 2 0"/>
			<State name="pushed" offset="171 29 2 0"/>
			<State name="normal_checked" offset="171 43 2 0"/>
			<State name="highlighted_checked" offset="171 57 2 0"/>
			<State name="pushed_checked" offset="171 57 2 0"/>
		</BasisSkin>
		<BasisSkin type="SimpleText" offset="14 0 1 12" align="Stretch">
			<State name="normal" colour="1 1 1" shift="0"/>
			<State name="highlighted" colour="1 1 1" shift="0"/>
			<State name="pushed" colour="1 1 1" shift="0"/>
			<State name="normal_checked" colour="1 1 1" shift="0"/>
			<State name="highlighted_checked" colour="1 1 1" shift="0"/>
			<State name="pushed_checked" colour="1 1 1" shift="0"/>
		</BasisSkin>
	</Resource>
	<Resource type="ResourceSkin" name="RadioButtonSkin_Bark" size="15 13" texture="MyGUI_Dark.png">
		<BasisSkin type="SubSkin" offset="0 0 13 13" align="Left Top">
			<State name="normal" offset="174 2 13 13"/>
			<State name="highlighted" offset="174 16 13 13"/>
			<State name="pushed" offset="174 16 13 13"/>
			<State name="normal_checked" offset="174 30 13 13"/>
			<State name="highlighted_checked" offset="174 44 13 13"/>
			<State name="pushed_checked" offset="174 44 13 13"/>
		</BasisSkin>
		<BasisSkin type="SubSkin" offset="13 0 2 13" align="HStretch Top">
			<State name="normal" offset="187 2 2 13"/>
			<State name="highlighted" offset="187 16 2 13"/>
			<State name="pushed" offset="187 16 2 13"/>
			<State name="normal_checked" offset="187 30 2 13"/>
			<State name="highlighted_checked" offset="187 44 2 13"/>
			<State name="pushed_checked" offset="187 44 2 13"/>
		</BasisSkin>
		<BasisSkin type="SubSkin" offset="0 13 13 0" align="Left VStretch">
			<State name="normal" offset="174 15 13 0"/>
			<State name="highlighted" offset="174 29 13 0"/>
			<State name="pushed" offset="174 29 13 0"/>
			<State name="normal_checked" offset="174 43 13 0"/>
			<State name="highlighted_checked" offset="174 57 13 0"/>
			<State name="pushed_checked" offset="174 57 13 0"/>
		</BasisSkin>
		<BasisSkin type="SubSkin" offset="13 13 2 0" align="Stretch">
			<State name="normal" offset="187 15 2 0"/>
			<State name="highlighted" offset="187 29 2 0"/>
			<State name="pushed" offset="187 29 2 0"/>
			<State name="normal_checked" offset="187 43 2 0"/>
			<State name="highlighted_checked" offset="187 57 2 0"/>
			<State name="pushed_checked" offset="187 57 2 0"/>
		</BasisSkin>
		<BasisSkin type="SimpleText" offset="14 0 1 12" align="Stretch">
			<State name="normal" colour="1 1 1" shift="0"/>
			<State name="highlighted" colour="1 1 1" shift="0"/>
			<State name="pushed" colour="1 1 1" shift="0"/>
			<State name="normal_checked" colour="1 1 1" shift="0"/>
			<State name="highlighted_checked" colour="1 1 1" shift="0"/>
			<State name="pushed_checked" colour="1 1 1" shift="0"/>
		</BasisSkin>
	</Resource>
	<Resource type="ResourceSkin" name="ToolTipSkin_Dark" size="42 22" texture="MyGUI_Dark.png">
		<BasisSkin type="SubSkin" offset="0 0 5 5" align="Left Top">
			<State name="normal" offset="54 46 5 5"/>
		</BasisSkin>
		<BasisSkin type="SubSkin" offset="5 0 30 5" align="HStretch Top">
			<State name="normal" offset="59 46 30 5"/>
		</BasisSkin>
		<BasisSkin type="SubSkin" offset="35 0 7 5" align="Right Top">
			<State name="normal" offset="89 46 7 5"/>
		</BasisSkin>
		<BasisSkin type="SubSkin" offset="35 5 7 10" align="Right VStretch">
			<State name="normal" offset="89 51 7 10"/>
		</BasisSkin>
		<BasisSkin type="SubSkin" offset="35 15 7 7" align="Right Bottom">
			<State name="normal" offset="89 61 7 7"/>
		</BasisSkin>
		<BasisSkin type="SubSkin" offset="5 15 30 7" align="HStretch Bottom">
			<State name="normal" offset="59 61 30 7"/>
		</BasisSkin>
		<BasisSkin type="SubSkin" offset="0 15 5 7" align="Left Bottom">
			<State name="normal" offset="54 61 5 7"/>
		</BasisSkin>
		<BasisSkin type="SubSkin" offset="0 5 5 10" align="Left VStretch">
			<State name="normal" offset="54 51 5 10"/>
		</BasisSkin>
		<BasisSkin type="SubSkin" offset="5 5 30 10" align="Stretch">
			<State name="normal" offset="59 51 30 10"/>
		</BasisSkin>
	</Resource>
	<Resource type="ResourceSkin" name="ScrollBarUpSkin_Dark" size="10 6" texture="MyGUI_Dark.png">
		<BasisSkin type="SubSkin" offset="0 0 10 6" align="Stretch">
			<State name="normal" offset="240 19 10 6"/>
			<State name="highlighted" offset="240 28 10 6"/>
			<State name="pushed" offset="240 28 10 6"/>
		</BasisSkin>
	</Resource>
	<Resource type="ResourceSkin" name="ScrollBarDownSkin_Dark" size="10 6" texture="MyGUI_Dark.png">
		<BasisSkin type="SubSkin" offset="0 0 10 6" align="Stretch">
			<State name="normal" offset="240 2 10 6"/>
			<State name="highlighted" offset="240 10 10 6"/>
			<State name="pushed" offset="240 10 10 6"/>
		</BasisSkin>
	</Resource>
	<Resource type="ResourceSkin" name="ScrollBarLeftSkin_Dark" size="6 10" texture="MyGUI_Dark.png">
		<BasisSkin type="SubSkin" offset="0 0 6 10" align="Stretch">
			<State name="normal" offset="252 2 6 10"/>
			<State name="highlighted" offset="252 14 6 10"/>
			<State name="pushed" offset="252 14 6 10"/>
		</BasisSkin>
	</Resource>
	<Resource type="ResourceSkin" name="ScrollBarRightSkin_Dark" size="6 10" texture="MyGUI_Dark.png">
		<BasisSkin type="SubSkin" offset="0 0 6 10" align="Stretch">
			<State name="normal" offset="252 26 6 10"/>
			<State name="highlighted" offset="252 38 6 10"/>
			<State name="pushed" offset="252 38 6 10"/>
		</BasisSkin>
	</Resource>
	<Resource type="ResourceSkin" name="ScrollBarPanelSkin_Dark" size="17 17" texture="MyGUI_Dark.png">
		<BasisSkin type="SubSkin" offset="0 0 5 5" align="Left Top">
			<State name="normal" offset="240 72 5 5"/>
		</BasisSkin>
		<BasisSkin type="SubSkin" offset="5 0 7 5" align="HStretch Top">
			<State name="normal" offset="245 72 7 5"/>
		</BasisSkin>
		<BasisSkin type="SubSkin" offset="12 0 5 5" align="Right Top">
			<State name="normal" offset="252 72 5 5"/>
		</BasisSkin>
		<BasisSkin type="SubSkin" offset="12 5 5 7" align="Right VStretch">
			<State name="normal" offset="252 77 5 7"/>
		</BasisSkin>
		<BasisSkin type="SubSkin" offset="12 12 5 5" align="Right Bottom">
			<State name="normal" offset="252 84 5 5"/>
		</BasisSkin>
		<BasisSkin type="SubSkin" offset="5 12 7 5" align="HStretch Bottom">
			<State name="normal" offset="245 84 7 5"/>
		</BasisSkin>
		<BasisSkin type="SubSkin" offset="0 12 5 5" align="Left Bottom">
			<State name="normal" offset="240 84 5 5"/>
		</BasisSkin>
		<BasisSkin type="SubSkin" offset="0 5 5 7" align="Left VStretch">
			<State name="normal" offset="240 77 5 7"/>
		</BasisSkin>
		<BasisSkin type="SubSkin" offset="5 5 7 7" align="Stretch">
			<State name="normal" offset="245 77 7 7"/>
		</BasisSkin>
	</Resource>
	<Resource type="ResourceSkin" name="ScrollBarTrackVSkin_Dark" size="8 15" texture="MyGUI_Dark.png">
		<BasisSkin type="SubSkin" offset="0 0 3 4" align="Left Top">
			<State name="normal" offset="241 38 3 4"/>
			<State name="highlighted" offset="241 55 3 4"/>
			<State name="pushed" offset="241 55 3 4"/>
		</BasisSkin>
		<BasisSkin type="SubSkin" offset="3 0 2 4" align="HStretch Top">
			<State name="normal" offset="244 38 2 4"/>
			<State name="highlighted" offset="244 55 2 4"/>
			<State name="pushed" offset="244 55 2 4"/>
		</BasisSkin>
		<BasisSkin type="SubSkin" offset="5 0 3 4" align="Right Top">
			<State name="normal" offset="246 38 3 4"/>
			<State name="highlighted" offset="246 55 3 4"/>
			<State name="pushed" offset="246 55 3 4"/>
		</BasisSkin>
		<BasisSkin type="SubSkin" offset="5 4 3 7" align="Right VStretch">
			<State name="normal" offset="246 42 3 7"/>
			<State name="highlighted" offset="246 59 3 7"/>
			<State name="pushed" offset="246 59 3 7"/>
		</BasisSkin>
		<BasisSkin type="SubSkin" offset="5 11 3 4" align="Right Bottom">
			<State name="normal" offset="246 49 3 4"/>
			<State name="highlighted" offset="246 66 3 4"/>
			<State name="pushed" offset="246 66 3 4"/>
		</BasisSkin>
		<BasisSkin type="SubSkin" offset="3 11 2 4" align="HStretch Bottom">
			<State name="normal" offset="244 49 2 4"/>
			<State name="highlighted" offset="244 66 2 4"/>
			<State name="pushed" offset="244 66 2 4"/>
		</BasisSkin>
		<BasisSkin type="SubSkin" offset="0 11 3 4" align="Left Bottom">
			<State name="normal" offset="241 49 3 4"/>
			<State name="highlighted" offset="241 66 3 4"/>
			<State name="pushed" offset="241 66 3 4"/>
		</BasisSkin>
		<BasisSkin type="SubSkin" offset="0 4 3 7" align="Left VStretch">
			<State name="normal" offset="241 42 3 7"/>
			<State name="highlighted" offset="241 59 3 7"/>
			<State name="pushed" offset="241 59 3 7"/>
		</BasisSkin>
		<BasisSkin type="SubSkin" offset="3 4 2 7" align="Stretch">
			<State name="normal" offset="244 42 2 7"/>
			<State name="highlighted" offset="244 59 2 7"/>
			<State name="pushed" offset="244 59 2 7"/>
		</BasisSkin>
	</Resource>
	<Resource type="ResourceSkin" name="ScrollBarTrackHSkin_Dark" size="15 8" texture="MyGUI_Dark.png">
		<BasisSkin type="SubSkin" offset="0 0 4 3" align="Left Top">
			<State name="normal" offset="252 50 4 3"/>
			<State name="highlighted" offset="252 60 4 3"/>
			<State name="pushed" offset="252 60 4 3"/>
		</BasisSkin>
		<BasisSkin type="SubSkin" offset="4 0 7 3" align="HStretch Top">
			<State name="normal" offset="256 50 7 3"/>
			<State name="highlighted" offset="256 60 7 3"/>
			<State name="pushed" offset="256 60 7 3"/>
		</BasisSkin>
		<BasisSkin type="SubSkin" offset="11 0 4 3" align="Right Top">
			<State name="normal" offset="263 50 4 3"/>
			<State name="highlighted" offset="263 60 4 3"/>
			<State name="pushed" offset="263 60 4 3"/>
		</BasisSkin>
		<BasisSkin type="SubSkin" offset="11 3 4 2" align="Right VStretch">
			<State name="normal" offset="263 53 4 2"/>
			<State name="highlighted" offset="263 63 4 2"/>
			<State name="pushed" offset="263 63 4 2"/>
		</BasisSkin>
		<BasisSkin type="SubSkin" offset="11 5 4 3" align="Right Bottom">
			<State name="normal" offset="263 55 4 3"/>
			<State name="highlighted" offset="263 65 4 3"/>
			<State name="pushed" offset="263 65 4 3"/>
		</BasisSkin>
		<BasisSkin type="SubSkin" offset="4 5 7 3" align="HStretch Bottom">
			<State name="normal" offset="256 55 7 3"/>
			<State name="highlighted" offset="256 65 7 3"/>
			<State name="pushed" offset="256 65 7 3"/>
		</BasisSkin>
		<BasisSkin type="SubSkin" offset="0 5 4 3" align="Left Bottom">
			<State name="normal" offset="252 55 4 3"/>
			<State name="highlighted" offset="252 65 4 3"/>
			<State name="pushed" offset="252 65 4 3"/>
		</BasisSkin>
		<BasisSkin type="SubSkin" offset="0 3 4 2" align="Left VStretch">
			<State name="normal" offset="252 53 4 2"/>
			<State name="highlighted" offset="252 63 4 2"/>
			<State name="pushed" offset="252 63 4 2"/>
		</BasisSkin>
		<BasisSkin type="SubSkin" offset="4 3 7 2" align="Stretch">
			<State name="normal" offset="256 53 7 2"/>
			<State name="highlighted" offset="256 63 7 2"/>
			<State name="pushed" offset="256 63 7 2"/>
		</BasisSkin>
	</Resource>
	<Resource type="ResourceSkin" name="SliderTrackHSkin_Dark" size="10 18" texture="MyGUI_Dark.png">
		<BasisSkin type="SubSkin" offset="0 0 5 5" align="Left Top">
			<State name="normal" offset="269 2 5 5"/>
			<State name="highlighted" offset="269 22 5 5"/>
			<State name="pushed" offset="269 42 5 5"/>
		</BasisSkin>
		<BasisSkin type="SubSkin" offset="5 0 0 5" align="HStretch Top">
			<State name="normal" offset="274 2 0 5"/>
			<State name="highlighted" offset="274 22 0 5"/>
			<State name="pushed" offset="274 42 0 5"/>
		</BasisSkin>
		<BasisSkin type="SubSkin" offset="5 0 5 5" align="Right Top">
			<State name="normal" offset="274 2 5 5"/>
			<State name="highlighted" offset="274 22 5 5"/>
			<State name="pushed" offset="274 42 5 5"/>
		</BasisSkin>
		<BasisSkin type="SubSkin" offset="5 5 5 8" align="Right VStretch">
			<State name="normal" offset="274 7 5 8"/>
			<State name="highlighted" offset="274 27 5 8"/>
			<State name="pushed" offset="274 47 5 8"/>
		</BasisSkin>
		<BasisSkin type="SubSkin" offset="5 13 5 5" align="Right Bottom">
			<State name="normal" offset="274 15 5 5"/>
			<State name="highlighted" offset="274 35 5 5"/>
			<State name="pushed" offset="274 55 5 5"/>
		</BasisSkin>
		<BasisSkin type="SubSkin" offset="5 13 0 5" align="HStretch Bottom">
			<State name="normal" offset="274 15 0 5"/>
			<State name="highlighted" offset="274 35 0 5"/>
			<State name="pushed" offset="274 55 0 5"/>
		</BasisSkin>
		<BasisSkin type="SubSkin" offset="0 13 5 5" align="Left Bottom">
			<State name="normal" offset="269 15 5 5"/>
			<State name="highlighted" offset="269 35 5 5"/>
			<State name="pushed" offset="269 55 5 5"/>
		</BasisSkin>
		<BasisSkin type="SubSkin" offset="0 5 5 8" align="Left VStretch">
			<State name="normal" offset="269 7 5 8"/>
			<State name="highlighted" offset="269 27 5 8"/>
			<State name="pushed" offset="269 47 5 8"/>
		</BasisSkin>
		<BasisSkin type="SubSkin" offset="5 5 0 8" align="Stretch">
			<State name="normal" offset="274 7 0 8"/>
			<State name="highlighted" offset="274 27 0 8"/>
			<State name="pushed" offset="274 47 0 8"/>
		</BasisSkin>
	</Resource>
	<Resource type="ResourceSkin" name="SliderTrackVSkin_Dark" size="18 10" texture="MyGUI_Dark.png">
		<BasisSkin type="SubSkin" offset="0 0 5 5" align="Left Top">
			<State name="normal" offset="281 2 5 5"/>
			<State name="highlighted" offset="281 14 5 5"/>
			<State name="pushed" offset="281 26 5 5"/>
		</BasisSkin>
		<BasisSkin type="SubSkin" offset="5 0 8 5" align="HStretch Top">
			<State name="normal" offset="286 2 8 5"/>
			<State name="highlighted" offset="286 14 8 5"/>
			<State name="pushed" offset="286 26 8 5"/>
		</BasisSkin>
		<BasisSkin type="SubSkin" offset="13 0 5 5" align="Right Top">
			<State name="normal" offset="294 2 5 5"/>
			<State name="highlighted" offset="294 14 5 5"/>
			<State name="pushed" offset="294 26 5 5"/>
		</BasisSkin>
		<BasisSkin type="SubSkin" offset="13 5 5 0" align="Right VStretch">
			<State name="normal" offset="294 7 5 0"/>
			<State name="highlighted" offset="294 19 5 0"/>
			<State name="pushed" offset="294 31 5 0"/>
		</BasisSkin>
		<BasisSkin type="SubSkin" offset="13 5 5 5" align="Right Bottom">
			<State name="normal" offset="294 7 5 5"/>
			<State name="highlighted" offset="294 19 5 5"/>
			<State name="pushed" offset="294 31 5 5"/>
		</BasisSkin>
		<BasisSkin type="SubSkin" offset="5 5 8 5" align="HStretch Bottom">
			<State name="normal" offset="286 7 8 5"/>
			<State name="highlighted" offset="286 19 8 5"/>
			<State name="pushed" offset="286 31 8 5"/>
		</BasisSkin>
		<BasisSkin type="SubSkin" offset="0 5 5 5" align="Left Bottom">
			<State name="normal" offset="281 7 5 5"/>
			<State name="highlighted" offset="281 19 5 5"/>
			<State name="pushed" offset="281 31 5 5"/>
		</BasisSkin>
		<BasisSkin type="SubSkin" offset="0 5 5 0" align="Left VStretch">
			<State name="normal" offset="281 7 5 0"/>
			<State name="highlighted" offset="281 19 5 0"/>
			<State name="pushed" offset="281 31 5 0"/>
		</BasisSkin>
		<BasisSkin type="SubSkin" offset="5 5 8 0" align="Stretch">
			<State name="normal" offset="286 7 8 0"/>
			<State name="highlighted" offset="286 19 8 0"/>
			<State name="pushed" offset="286 31 8 0"/>
		</BasisSkin>
	</Resource>
	<Resource type="ResourceSkin" name="SliderPanelSkin_Dark" size="20 20" texture="MyGUI_Dark.png">
		<BasisSkin type="SubSkin" offset="0 0 5 5" align="Left Top">
			<State name="normal" offset="269 62 5 5"/>
		</BasisSkin>
		<BasisSkin type="SubSkin" offset="5 0 10 5" align="HStretch Top">
			<State name="normal" offset="274 62 10 5"/>
		</BasisSkin>
		<BasisSkin type="SubSkin" offset="15 0 5 5" align="Right Top">
			<State name="normal" offset="284 62 5 5"/>
		</BasisSkin>
		<BasisSkin type="SubSkin" offset="15 5 5 10" align="Right VStretch">
			<State name="normal" offset="284 67 5 10"/>
		</BasisSkin>
		<BasisSkin type="SubSkin" offset="15 15 5 5" align="Right Bottom">
			<State name="normal" offset="284 77 5 5"/>
		</BasisSkin>
		<BasisSkin type="SubSkin" offset="5 15 10 5" align="HStretch Bottom">
			<State name="normal" offset="274 77 10 5"/>
		</BasisSkin>
		<BasisSkin type="SubSkin" offset="0 15 5 5" align="Left Bottom">
			<State name="normal" offset="269 77 5 5"/>
		</BasisSkin>
		<BasisSkin type="SubSkin" offset="0 5 5 10" align="Left VStretch">
			<State name="normal" offset="269 67 5 10"/>
		</BasisSkin>
		<BasisSkin type="SubSkin" offset="5 5 10 10" align="Stretch">
			<State name="normal" offset="274 67 10 10"/>
		</BasisSkin>
	</Resource>
	<Resource type="ResourceSkin" name="PopupMenuPanel2Skin_Dark" size="20 20" texture="MyGUI_Dark.png">
		<BasisSkin type="SubSkin" offset="0 0 5 5" align="Left Top">
			<State name="normal" offset="458 68 5 5"/>
		</BasisSkin>
		<BasisSkin type="SubSkin" offset="5 0 8 5" align="HStretch Top">
			<State name="normal" offset="463 68 8 5"/>
		</BasisSkin>
		<BasisSkin type="SubSkin" offset="13 0 7 5" align="Right Top">
			<State name="normal" offset="471 68 7 5"/>
		</BasisSkin>
		<BasisSkin type="SubSkin" offset="13 5 7 8" align="Right VStretch">
			<State name="normal" offset="471 73 7 8"/>
		</BasisSkin>
		<BasisSkin type="SubSkin" offset="13 13 7 7" align="Right Bottom">
			<State name="normal" offset="471 81 7 7"/>
		</BasisSkin>
		<BasisSkin type="SubSkin" offset="5 13 8 7" align="HStretch Bottom">
			<State name="normal" offset="463 81 8 7"/>
		</BasisSkin>
		<BasisSkin type="SubSkin" offset="0 13 5 7" align="Left Bottom">
			<State name="normal" offset="458 81 5 7"/>
		</BasisSkin>
		<BasisSkin type="SubSkin" offset="0 5 5 8" align="Left VStretch">
			<State name="normal" offset="458 73 5 8"/>
		</BasisSkin>
		<BasisSkin type="SubSkin" offset="5 5 8 8" align="Stretch">
			<State name="normal" offset="463 73 8 8"/>
		</BasisSkin>
	</Resource>
	<Resource type="ResourceSkin" name="MenuPanel2Skin_Dark" size="20 20" texture="MyGUI_Dark.png">
		<BasisSkin type="SubSkin" offset="0 0 5 5" align="Left Top">
			<State name="normal" offset="458 2 5 5"/>
		</BasisSkin>
		<BasisSkin type="SubSkin" offset="5 0 10 5" align="HStretch Top">
			<State name="normal" offset="463 2 10 5"/>
		</BasisSkin>
		<BasisSkin type="SubSkin" offset="15 0 5 5" align="Right Top">
			<State name="normal" offset="473 2 5 5"/>
		</BasisSkin>
		<BasisSkin type="SubSkin" offset="15 5 5 10" align="Right VStretch">
			<State name="normal" offset="473 7 5 10"/>
		</BasisSkin>
		<BasisSkin type="SubSkin" offset="15 15 5 5" align="Right Bottom">
			<State name="normal" offset="473 17 5 5"/>
		</BasisSkin>
		<BasisSkin type="SubSkin" offset="5 15 10 5" align="HStretch Bottom">
			<State name="normal" offset="463 17 10 5"/>
		</BasisSkin>
		<BasisSkin type="SubSkin" offset="0 15 5 5" align="Left Bottom">
			<State name="normal" offset="458 17 5 5"/>
		</BasisSkin>
		<BasisSkin type="SubSkin" offset="0 5 5 10" align="Left VStretch">
			<State name="normal" offset="458 7 5 10"/>
		</BasisSkin>
		<BasisSkin type="SubSkin" offset="5 5 10 10" align="Stretch">
			<State name="normal" offset="463 7 10 10"/>
		</BasisSkin>
	</Resource>
	<Resource type="ResourceSkin" name="MenuBarButton2Skin_Dark" size="20 20" texture="MyGUI_Dark.png">
		<BasisSkin type="SubSkin" offset="0 0 5 5" align="Left Top">
			<State name="normal" offset="206 90 5 5"/>
			<State name="highlighted" offset="458 24 5 5"/>
			<State name="pushed" offset="458 24 5 5"/>
		</BasisSkin>
		<BasisSkin type="SubSkin" offset="5 0 10 5" align="HStretch Top">
			<State name="normal" offset="211 90 10 5"/>
			<State name="highlighted" offset="463 24 10 5"/>
			<State name="pushed" offset="463 24 10 5"/>
		</BasisSkin>
		<BasisSkin type="SubSkin" offset="15 0 5 5" align="Right Top">
			<State name="normal" offset="221 90 5 5"/>
			<State name="highlighted" offset="473 24 5 5"/>
			<State name="pushed" offset="473 24 5 5"/>
		</BasisSkin>
		<BasisSkin type="SubSkin" offset="15 5 5 10" align="Right VStretch">
			<State name="normal" offset="221 95 5 10"/>
			<State name="highlighted" offset="473 29 5 10"/>
			<State name="pushed" offset="473 29 5 10"/>
		</BasisSkin>
		<BasisSkin type="SubSkin" offset="15 15 5 5" align="Right Bottom">
			<State name="normal" offset="221 105 5 5"/>
			<State name="highlighted" offset="473 39 5 5"/>
			<State name="pushed" offset="473 39 5 5"/>
		</BasisSkin>
		<BasisSkin type="SubSkin" offset="5 15 10 5" align="HStretch Bottom">
			<State name="normal" offset="211 105 10 5"/>
			<State name="highlighted" offset="463 39 10 5"/>
			<State name="pushed" offset="463 39 10 5"/>
		</BasisSkin>
		<BasisSkin type="SubSkin" offset="0 15 5 5" align="Left Bottom">
			<State name="normal" offset="206 105 5 5"/>
			<State name="highlighted" offset="458 39 5 5"/>
			<State name="pushed" offset="458 39 5 5"/>
		</BasisSkin>
		<BasisSkin type="SubSkin" offset="0 5 5 10" align="Left VStretch">
			<State name="normal" offset="206 95 5 10"/>
			<State name="highlighted" offset="458 29 5 10"/>
			<State name="pushed" offset="458 29 5 10"/>
		</BasisSkin>
		<BasisSkin type="SubSkin" offset="5 5 10 10" align="Stretch">
			<State name="normal" offset="211 95 10 10"/>
			<State name="highlighted" offset="463 29 10 10"/>
			<State name="pushed" offset="463 29 10 10"/>
		</BasisSkin>
		<BasisSkin type="SimpleText" offset="5 3 10 15" align="Stretch">
			<State name="normal" colour="1 1 1" shift="0"/>
			<State name="highlighted" colour="0.226563 0.226563 0.226563" shift="0"/>
			<State name="pushed" colour="0.226563 0.226563 0.226563" shift="0"/>
		</BasisSkin>
	</Resource>
	<Resource type="ResourceSkin" name="MenuSeparatorHSkin_Dark" size="6 1" texture="MyGUI_Dark.png">
		<BasisSkin type="SubSkin" offset="4 0 2 1" align="Right VStretch">
			<State name="normal" offset="305 90 2 1"/>
		</BasisSkin>
		<BasisSkin type="SubSkin" offset="0 0 2 1" align="Left VStretch">
			<State name="normal" offset="301 90 2 1"/>
		</BasisSkin>
		<BasisSkin type="SubSkin" offset="2 0 2 1" align="Stretch">
			<State name="normal" offset="303 90 2 1"/>
		</BasisSkin>
	</Resource>
	<Resource type="ResourceSkin" name="MenuSeparatorVSkin_Dark" size="1 6" texture="MyGUI_Dark.png">
		<BasisSkin type="SubSkin" offset="0 0 1 2" align="HStretch Top">
			<State name="normal" offset="301 93 1 2"/>
		</BasisSkin>
		<BasisSkin type="SubSkin" offset="0 4 1 2" align="HStretch Bottom">
			<State name="normal" offset="301 97 1 2"/>
		</BasisSkin>
		<BasisSkin type="SubSkin" offset="0 2 1 2" align="Stretch">
			<State name="normal" offset="301 95 1 2"/>
		</BasisSkin>
	</Resource>
	<Resource type="ResourceSkin" name="PopupMenuItemNormal2Skin_Dark" size="20 20" texture="MyGUI_Dark.png">
		<BasisSkin type="SubSkin" offset="0 0 5 5" align="Left Top">
			<State name="normal" offset="206 90 5 5"/>
			<State name="highlighted" offset="458 24 5 5"/>
			<State name="pushed" offset="458 24 5 5"/>
		</BasisSkin>
		<BasisSkin type="SubSkin" offset="5 0 10 5" align="HStretch Top">
			<State name="normal" offset="211 90 10 5"/>
			<State name="highlighted" offset="463 24 10 5"/>
			<State name="pushed" offset="463 24 10 5"/>
		</BasisSkin>
		<BasisSkin type="SubSkin" offset="15 0 5 5" align="Right Top">
			<State name="normal" offset="221 90 5 5"/>
			<State name="highlighted" offset="473 24 5 5"/>
			<State name="pushed" offset="473 24 5 5"/>
		</BasisSkin>
		<BasisSkin type="SubSkin" offset="15 5 5 10" align="Right VStretch">
			<State name="normal" offset="221 95 5 10"/>
			<State name="highlighted" offset="473 29 5 10"/>
			<State name="pushed" offset="473 29 5 10"/>
		</BasisSkin>
		<BasisSkin type="SubSkin" offset="15 15 5 5" align="Right Bottom">
			<State name="normal" offset="221 105 5 5"/>
			<State name="highlighted" offset="473 39 5 5"/>
			<State name="pushed" offset="473 39 5 5"/>
		</BasisSkin>
		<BasisSkin type="SubSkin" offset="5 15 10 5" align="HStretch Bottom">
			<State name="normal" offset="211 105 10 5"/>
			<State name="highlighted" offset="463 39 10 5"/>
			<State name="pushed" offset="463 39 10 5"/>
		</BasisSkin>
		<BasisSkin type="SubSkin" offset="0 15 5 5" align="Left Bottom">
			<State name="normal" offset="206 105 5 5"/>
			<State name="highlighted" offset="458 39 5 5"/>
			<State name="pushed" offset="458 39 5 5"/>
		</BasisSkin>
		<BasisSkin type="SubSkin" offset="0 5 5 10" align="Left VStretch">
			<State name="normal" offset="206 95 5 10"/>
			<State name="highlighted" offset="458 29 5 10"/>
			<State name="pushed" offset="458 29 5 10"/>
		</BasisSkin>
		<BasisSkin type="SubSkin" offset="5 5 10 10" align="Stretch">
			<State name="normal" offset="211 95 10 10"/>
			<State name="highlighted" offset="463 29 10 10"/>
			<State name="pushed" offset="463 29 10 10"/>
		</BasisSkin>
		<BasisSkin type="SimpleText" offset="14 3 -4 15" align="Stretch">
			<State name="normal" colour="1 1 1" shift="0"/>
			<State name="highlighted" colour="0.226563 0.226563 0.226563" shift="0"/>
			<State name="pushed" colour="0.226563 0.226563 0.226563" shift="0"/>
		</BasisSkin>
	</Resource>
	<Resource type="ResourceSkin" name="PopupMenuCheckSkin_Dark" size="10 8" texture="MyGUI_Dark.png">
		<BasisSkin type="SubSkin" offset="0 0 10 8" align="Stretch">
			<State name="normal" offset="301 68 10 8"/>
		</BasisSkin>
	</Resource>
	<Resource type="ResourceSkin" name="PopupMenuExpSkin_Dark" size="8 12" texture="MyGUI_Dark.png">
		<BasisSkin type="SubSkin" offset="0 0 8 12" align="Stretch">
			<State name="normal" offset="314 68 8 12"/>
		</BasisSkin>
	</Resource>
	<Resource type="ResourceSkin" name="TabButton1Skin_Dark" size="51 20" texture="MyGUI_Dark.png">
		<BasisSkin type="SubSkin" offset="0 0 5 5" align="Left Top">
			<State name="normal" offset="323 24 5 5"/>
			<State name="highlighted" offset="323 46 5 5"/>
			<State name="normal_checked" offset="323 2 5 5"/>
			<State name="highlighted_checked" offset="323 2 5 5"/>
		</BasisSkin>
		<BasisSkin type="SubSkin" offset="5 0 41 5" align="HStretch Top">
			<State name="normal" offset="328 24 41 5"/>
			<State name="highlighted" offset="328 46 41 5"/>
			<State name="normal_checked" offset="328 2 41 5"/>
			<State name="highlighted_checked" offset="328 2 41 5"/>
		</BasisSkin>
		<BasisSkin type="SubSkin" offset="46 0 5 5" align="Right Top">
			<State name="normal" offset="369 24 5 5"/>
			<State name="highlighted" offset="369 46 5 5"/>
			<State name="normal_checked" offset="369 2 5 5"/>
			<State name="highlighted_checked" offset="369 2 5 5"/>
		</BasisSkin>
		<BasisSkin type="SubSkin" offset="46 5 5 10" align="Right VStretch">
			<State name="normal" offset="369 29 5 10"/>
			<State name="highlighted" offset="369 51 5 10"/>
			<State name="normal_checked" offset="369 7 5 10"/>
			<State name="highlighted_checked" offset="369 7 5 10"/>
		</BasisSkin>
		<BasisSkin type="SubSkin" offset="46 15 5 5" align="Right Bottom">
			<State name="normal" offset="369 39 5 5"/>
			<State name="highlighted" offset="369 61 5 5"/>
			<State name="normal_checked" offset="369 17 5 5"/>
			<State name="highlighted_checked" offset="369 17 5 5"/>
		</BasisSkin>
		<BasisSkin type="SubSkin" offset="5 15 41 5" align="HStretch Bottom">
			<State name="normal" offset="328 39 41 5"/>
			<State name="highlighted" offset="328 61 41 5"/>
			<State name="normal_checked" offset="328 17 41 5"/>
			<State name="highlighted_checked" offset="328 17 41 5"/>
		</BasisSkin>
		<BasisSkin type="SubSkin" offset="0 15 5 5" align="Left Bottom">
			<State name="normal" offset="323 39 5 5"/>
			<State name="highlighted" offset="323 61 5 5"/>
			<State name="normal_checked" offset="323 17 5 5"/>
			<State name="highlighted_checked" offset="323 17 5 5"/>
		</BasisSkin>
		<BasisSkin type="SubSkin" offset="0 5 5 10" align="Left VStretch">
			<State name="normal" offset="323 29 5 10"/>
			<State name="highlighted" offset="323 51 5 10"/>
			<State name="normal_checked" offset="323 7 5 10"/>
			<State name="highlighted_checked" offset="323 7 5 10"/>
		</BasisSkin>
		<BasisSkin type="SubSkin" offset="5 5 41 10" align="Stretch">
			<State name="normal" offset="328 29 41 10"/>
			<State name="highlighted" offset="328 51 41 10"/>
			<State name="normal_checked" offset="328 7 41 10"/>
			<State name="highlighted_checked" offset="328 7 41 10"/>
		</BasisSkin>
		<BasisSkin type="SimpleText" offset="10 2 31 16" align="Stretch">
			<State name="normal" colour="1 1 1" shift="0"/>
			<State name="highlighted" colour="1 1 1" shift="0"/>
			<State name="normal_checked" colour="1 1 1" shift="0"/>
			<State name="highlighted_checked" colour="1 1 1" shift="0"/>
		</BasisSkin>
	</Resource>
	<Resource type="ResourceSkin" name="TabButton2Skin_Dark" size="51 20" texture="MyGUI_Dark.png">
		<BasisSkin type="SubSkin" offset="0 0 5 5" align="Left Top">
			<State name="normal" offset="323 24 5 5"/>
			<State name="highlighted" offset="323 46 5 5"/>
			<State name="normal_checked" offset="375 2 5 5"/>
			<State name="highlighted_checked" offset="375 2 5 5"/>
		</BasisSkin>
		<BasisSkin type="SubSkin" offset="5 0 41 5" align="HStretch Top">
			<State name="normal" offset="328 24 41 5"/>
			<State name="highlighted" offset="328 46 41 5"/>
			<State name="normal_checked" offset="380 2 41 5"/>
			<State name="highlighted_checked" offset="380 2 41 5"/>
		</BasisSkin>
		<BasisSkin type="SubSkin" offset="46 0 5 5" align="Right Top">
			<State name="normal" offset="369 24 5 5"/>
			<State name="highlighted" offset="369 46 5 5"/>
			<State name="normal_checked" offset="421 2 5 5"/>
			<State name="highlighted_checked" offset="421 2 5 5"/>
		</BasisSkin>
		<BasisSkin type="SubSkin" offset="46 5 5 10" align="Right VStretch">
			<State name="normal" offset="369 29 5 10"/>
			<State name="highlighted" offset="369 51 5 10"/>
			<State name="normal_checked" offset="421 7 5 10"/>
			<State name="highlighted_checked" offset="421 7 5 10"/>
		</BasisSkin>
		<BasisSkin type="SubSkin" offset="46 15 5 5" align="Right Bottom">
			<State name="normal" offset="369 39 5 5"/>
			<State name="highlighted" offset="369 61 5 5"/>
			<State name="normal_checked" offset="421 17 5 5"/>
			<State name="highlighted_checked" offset="421 17 5 5"/>
		</BasisSkin>
		<BasisSkin type="SubSkin" offset="5 15 41 5" align="HStretch Bottom">
			<State name="normal" offset="328 39 41 5"/>
			<State name="highlighted" offset="328 61 41 5"/>
			<State name="normal_checked" offset="380 17 41 5"/>
			<State name="highlighted_checked" offset="380 17 41 5"/>
		</BasisSkin>
		<BasisSkin type="SubSkin" offset="0 15 5 5" align="Left Bottom">
			<State name="normal" offset="323 39 5 5"/>
			<State name="highlighted" offset="323 61 5 5"/>
			<State name="normal_checked" offset="375 17 5 5"/>
			<State name="highlighted_checked" offset="375 17 5 5"/>
		</BasisSkin>
		<BasisSkin type="SubSkin" offset="0 5 5 10" align="Left VStretch">
			<State name="normal" offset="323 29 5 10"/>
			<State name="highlighted" offset="323 51 5 10"/>
			<State name="normal_checked" offset="375 7 5 10"/>
			<State name="highlighted_checked" offset="375 7 5 10"/>
		</BasisSkin>
		<BasisSkin type="SubSkin" offset="5 5 41 10" align="Stretch">
			<State name="normal" offset="328 29 41 10"/>
			<State name="highlighted" offset="328 51 41 10"/>
			<State name="normal_checked" offset="380 7 41 10"/>
			<State name="highlighted_checked" offset="380 7 41 10"/>
		</BasisSkin>
		<BasisSkin type="SimpleText" offset="10 2 31 16" align="Stretch">
			<State name="normal" colour="1 1 1" shift="0"/>
			<State name="highlighted" colour="1 1 1" shift="0"/>
			<State name="normal_checked" colour="1 1 1" shift="0"/>
			<State name="highlighted_checked" colour="1 1 1" shift="0"/>
		</BasisSkin>
	</Resource>
	<Resource type="ResourceSkin" name="TabPanel1Skin_Dark" size="50 20" texture="MyGUI_Dark.png">
		<BasisSkin type="SubSkin" offset="0 0 5 5" align="Left Top">
			<State name="normal" offset="323 68 5 5"/>
		</BasisSkin>
		<BasisSkin type="SubSkin" offset="5 0 40 5" align="HStretch Top">
			<State name="normal" offset="328 68 40 5"/>
		</BasisSkin>
		<BasisSkin type="SubSkin" offset="45 0 5 5" align="Right Top">
			<State name="normal" offset="368 68 5 5"/>
		</BasisSkin>
		<BasisSkin type="SubSkin" offset="45 5 5 10" align="Right VStretch">
			<State name="normal" offset="368 73 5 10"/>
		</BasisSkin>
		<BasisSkin type="SubSkin" offset="45 15 5 5" align="Right Bottom">
			<State name="normal" offset="368 83 5 5"/>
		</BasisSkin>
		<BasisSkin type="SubSkin" offset="5 15 40 5" align="HStretch Bottom">
			<State name="normal" offset="328 83 40 5"/>
		</BasisSkin>
		<BasisSkin type="SubSkin" offset="0 15 5 5" align="Left Bottom">
			<State name="normal" offset="323 83 5 5"/>
		</BasisSkin>
		<BasisSkin type="SubSkin" offset="0 5 5 10" align="Left VStretch">
			<State name="normal" offset="323 73 5 10"/>
		</BasisSkin>
		<BasisSkin type="SubSkin" offset="5 5 40 10" align="Stretch">
			<State name="normal" offset="328 73 40 10"/>
		</BasisSkin>
	</Resource>
	<Resource type="ResourceSkin" name="TabPanel2Skin_Dark" size="50 20" texture="MyGUI_Dark.png">
		<BasisSkin type="SubSkin" offset="0 0 5 5" align="Left Top">
			<State name="normal" offset="375 24 5 5"/>
		</BasisSkin>
		<BasisSkin type="SubSkin" offset="5 0 40 5" align="HStretch Top">
			<State name="normal" offset="380 24 40 5"/>
		</BasisSkin>
		<BasisSkin type="SubSkin" offset="45 0 5 5" align="Right Top">
			<State name="normal" offset="420 24 5 5"/>
		</BasisSkin>
		<BasisSkin type="SubSkin" offset="45 5 5 10" align="Right VStretch">
			<State name="normal" offset="420 29 5 10"/>
		</BasisSkin>
		<BasisSkin type="SubSkin" offset="45 15 5 5" align="Right Bottom">
			<State name="normal" offset="420 39 5 5"/>
		</BasisSkin>
		<BasisSkin type="SubSkin" offset="5 15 40 5" align="HStretch Bottom">
			<State name="normal" offset="380 39 40 5"/>
		</BasisSkin>
		<BasisSkin type="SubSkin" offset="0 15 5 5" align="Left Bottom">
			<State name="normal" offset="375 39 5 5"/>
		</BasisSkin>
		<BasisSkin type="SubSkin" offset="0 5 5 10" align="Left VStretch">
			<State name="normal" offset="375 29 5 10"/>
		</BasisSkin>
		<BasisSkin type="SubSkin" offset="5 5 40 10" align="Stretch">
			<State name="normal" offset="380 29 40 10"/>
		</BasisSkin>
	</Resource>
	<Resource type="ResourceSkin" name="Panel1Skin_Dark" size="50 20" texture="MyGUI_Dark.png">
		<BasisSkin type="SubSkin" offset="0 0 5 5" align="Left Top">
			<State name="normal" offset="375 46 5 5"/>
		</BasisSkin>
		<BasisSkin type="SubSkin" offset="5 0 40 5" align="HStretch Top">
			<State name="normal" offset="380 46 40 5"/>
		</BasisSkin>
		<BasisSkin type="SubSkin" offset="45 0 5 5" align="Right Top">
			<State name="normal" offset="420 46 5 5"/>
		</BasisSkin>
		<BasisSkin type="SubSkin" offset="45 5 5 10" align="Right VStretch">
			<State name="normal" offset="420 51 5 10"/>
		</BasisSkin>
		<BasisSkin type="SubSkin" offset="45 15 5 5" align="Right Bottom">
			<State name="normal" offset="420 61 5 5"/>
		</BasisSkin>
		<BasisSkin type="SubSkin" offset="5 15 40 5" align="HStretch Bottom">
			<State name="normal" offset="380 61 40 5"/>
		</BasisSkin>
		<BasisSkin type="SubSkin" offset="0 15 5 5" align="Left Bottom">
			<State name="normal" offset="375 61 5 5"/>
		</BasisSkin>
		<BasisSkin type="SubSkin" offset="0 5 5 10" align="Left VStretch">
			<State name="normal" offset="375 51 5 10"/>
		</BasisSkin>
		<BasisSkin type="SubSkin" offset="5 5 40 10" align="Stretch">
			<State name="normal" offset="380 51 40 10"/>
		</BasisSkin>
	</Resource>
	<Resource type="ResourceSkin" name="Panel2Skin_Dark" size="50 20" texture="MyGUI_Dark.png">
		<BasisSkin type="SubSkin" offset="0 0 5 5" align="Left Top">
			<State name="normal" offset="375 68 5 5"/>
		</BasisSkin>
		<BasisSkin type="SubSkin" offset="5 0 40 5" align="HStretch Top">
			<State name="normal" offset="380 68 40 5"/>
		</BasisSkin>
		<BasisSkin type="SubSkin" offset="45 0 5 5" align="Right Top">
			<State name="normal" offset="420 68 5 5"/>
		</BasisSkin>
		<BasisSkin type="SubSkin" offset="45 5 5 10" align="Right VStretch">
			<State name="normal" offset="420 73 5 10"/>
		</BasisSkin>
		<BasisSkin type="SubSkin" offset="45 15 5 5" align="Right Bottom">
			<State name="normal" offset="420 83 5 5"/>
		</BasisSkin>
		<BasisSkin type="SubSkin" offset="5 15 40 5" align="HStretch Bottom">
			<State name="normal" offset="380 83 40 5"/>
		</BasisSkin>
		<BasisSkin type="SubSkin" offset="0 15 5 5" align="Left Bottom">
			<State name="normal" offset="375 83 5 5"/>
		</BasisSkin>
		<BasisSkin type="SubSkin" offset="0 5 5 10" align="Left VStretch">
			<State name="normal" offset="375 73 5 10"/>
		</BasisSkin>
		<BasisSkin type="SubSkin" offset="5 5 40 10" align="Stretch">
			<State name="normal" offset="380 73 40 10"/>
		</BasisSkin>
	</Resource>
	<Resource type="ResourceSkin" name="Panel3Skin_Dark" size="50 20" texture="MyGUI_Dark.png">
		<BasisSkin type="SubSkin" offset="0 0 5 5" align="Left Top">
			<State name="normal" offset="375 90 5 5"/>
		</BasisSkin>
		<BasisSkin type="SubSkin" offset="5 0 40 5" align="HStretch Top">
			<State name="normal" offset="380 90 40 5"/>
		</BasisSkin>
		<BasisSkin type="SubSkin" offset="45 0 5 5" align="Right Top">
			<State name="normal" offset="420 90 5 5"/>
		</BasisSkin>
		<BasisSkin type="SubSkin" offset="45 5 5 10" align="Right VStretch">
			<State name="normal" offset="420 95 5 10"/>
		</BasisSkin>
		<BasisSkin type="SubSkin" offset="45 15 5 5" align="Right Bottom">
			<State name="normal" offset="420 105 5 5"/>
		</BasisSkin>
		<BasisSkin type="SubSkin" offset="5 15 40 5" align="HStretch Bottom">
			<State name="normal" offset="380 105 40 5"/>
		</BasisSkin>
		<BasisSkin type="SubSkin" offset="0 15 5 5" align="Left Bottom">
			<State name="normal" offset="375 105 5 5"/>
		</BasisSkin>
		<BasisSkin type="SubSkin" offset="0 5 5 10" align="Left VStretch">
			<State name="normal" offset="375 95 5 10"/>
		</BasisSkin>
		<BasisSkin type="SubSkin" offset="5 5 40 10" align="Stretch">
			<State name="normal" offset="380 95 40 10"/>
		</BasisSkin>
	</Resource>
	<Resource type="ResourceSkin" name="Back1Skin_Dark" size="12 11" texture="MyGUI_Dark.png">
		<BasisSkin type="SubSkin" offset="0 0 5 5" align="Left Top">
			<State name="normal" offset="210 50 5 5"/>
		</BasisSkin>
		<BasisSkin type="SubSkin" offset="5 0 2 5" align="HStretch Top">
			<State name="normal" offset="215 50 2 5"/>
		</BasisSkin>
		<BasisSkin type="SubSkin" offset="7 0 5 5" align="Right Top">
			<State name="normal" offset="217 50 5 5"/>
		</BasisSkin>
		<BasisSkin type="SubSkin" offset="7 5 5 1" align="Right VStretch">
			<State name="normal" offset="217 55 5 1"/>
		</BasisSkin>
		<BasisSkin type="SubSkin" offset="7 6 5 5" align="Right Bottom">
			<State name="normal" offset="217 56 5 5"/>
		</BasisSkin>
		<BasisSkin type="SubSkin" offset="5 6 2 5" align="HStretch Bottom">
			<State name="normal" offset="215 56 2 5"/>
		</BasisSkin>
		<BasisSkin type="SubSkin" offset="0 6 5 5" align="Left Bottom">
			<State name="normal" offset="210 56 5 5"/>
		</BasisSkin>
		<BasisSkin type="SubSkin" offset="0 5 5 1" align="Left VStretch">
			<State name="normal" offset="210 55 5 1"/>
		</BasisSkin>
		<BasisSkin type="SubSkin" offset="5 5 2 1" align="Stretch">
			<State name="normal" offset="215 55 2 1"/>
		</BasisSkin>
	</Resource>
	<Resource type="ResourceSkin" name="SeparatorV2Skin_Dark" size="2 10" texture="MyGUI_Dark.png">
		<BasisSkin type="SubSkin" offset="0 0 2 10" align="Stretch">
			<State name="normal" offset="454 2 2 10"/>
		</BasisSkin>
	</Resource>
	<Resource type="ResourceSkin" name="SeparatorH2Skin_Dark" size="10 2" texture="MyGUI_Dark.png">
		<BasisSkin type="SubSkin" offset="0 0 10 2" align="Stretch">
			<State name="normal" offset="427 24 10 2"/>
		</BasisSkin>
	</Resource>
	<Resource type="ResourceSkin" name="ScrollBarUp2Skin_Dark" size="10 6" texture="MyGUI_Dark.png">
		<BasisSkin type="SubSkin" offset="0 0 10 6" align="Stretch">
			<State name="normal" offset="240 108 10 6"/>
			<State name="highlighted" offset="240 28 10 6"/>
			<State name="pushed" offset="240 108 10 6"/>
		</BasisSkin>
	</Resource>
	<Resource type="ResourceSkin" name="ScrollBarDown2Skin_Dark" size="10 6" texture="MyGUI_Dark.png">
		<BasisSkin type="SubSkin" offset="0 0 10 6" align="Stretch">
			<State name="normal" offset="240 116 10 6"/>
			<State name="highlighted" offset="240 10 10 6"/>
			<State name="pushed" offset="240 116 10 6"/>
		</BasisSkin>
	</Resource>
	<Resource type="ResourceSkin" name="ScrollBarLeft2Skin_Dark" size="6 10" texture="MyGUI_Dark.png">
		<BasisSkin type="SubSkin" offset="0 0 6 10" align="Stretch">
			<State name="normal" offset="252 113 6 10"/>
			<State name="highlighted" offset="252 14 6 10"/>
			<State name="pushed" offset="252 113 6 10"/>
		</BasisSkin>
	</Resource>
	<Resource type="ResourceSkin" name="ScrollBarRight2Skin_Dark" size="6 10" texture="MyGUI_Dark.png">
		<BasisSkin type="SubSkin" offset="0 0 6 10" align="Stretch">
			<State name="normal" offset="252 101 6 10"/>
			<State name="highlighted" offset="252 38 6 10"/>
			<State name="pushed" offset="252 101 6 10"/>
		</BasisSkin>
	</Resource>
	<Resource type="ResourceSkin" name="ScrollBarTrackH2Skin_Dark" size="15 8" texture="MyGUI_Dark.png">
		<BasisSkin type="SubSkin" offset="0 0 4 3" align="Left Top">
			<State name="normal" offset="252 91 4 3"/>
			<State name="highlighted" offset="252 60 4 3"/>
			<State name="pushed" offset="252 91 4 3"/>
		</BasisSkin>
		<BasisSkin type="SubSkin" offset="4 0 7 3" align="HStretch Top">
			<State name="normal" offset="256 91 7 3"/>
			<State name="highlighted" offset="256 60 7 3"/>
			<State name="pushed" offset="256 91 7 3"/>
		</BasisSkin>
		<BasisSkin type="SubSkin" offset="11 0 4 3" align="Right Top">
			<State name="normal" offset="263 91 4 3"/>
			<State name="highlighted" offset="263 60 4 3"/>
			<State name="pushed" offset="263 91 4 3"/>
		</BasisSkin>
		<BasisSkin type="SubSkin" offset="11 3 4 2" align="Right VStretch">
			<State name="normal" offset="263 94 4 2"/>
			<State name="highlighted" offset="263 63 4 2"/>
			<State name="pushed" offset="263 94 4 2"/>
		</BasisSkin>
		<BasisSkin type="SubSkin" offset="11 5 4 3" align="Right Bottom">
			<State name="normal" offset="263 96 4 3"/>
			<State name="highlighted" offset="263 65 4 3"/>
			<State name="pushed" offset="263 96 4 3"/>
		</BasisSkin>
		<BasisSkin type="SubSkin" offset="4 5 7 3" align="HStretch Bottom">
			<State name="normal" offset="256 96 7 3"/>
			<State name="highlighted" offset="256 65 7 3"/>
			<State name="pushed" offset="256 96 7 3"/>
		</BasisSkin>
		<BasisSkin type="SubSkin" offset="0 5 4 3" align="Left Bottom">
			<State name="normal" offset="252 96 4 3"/>
			<State name="highlighted" offset="252 65 4 3"/>
			<State name="pushed" offset="252 96 4 3"/>
		</BasisSkin>
		<BasisSkin type="SubSkin" offset="0 3 4 2" align="Left VStretch">
			<State name="normal" offset="252 94 4 2"/>
			<State name="highlighted" offset="252 63 4 2"/>
			<State name="pushed" offset="252 94 4 2"/>
		</BasisSkin>
		<BasisSkin type="SubSkin" offset="4 3 7 2" align="Stretch">
			<State name="normal" offset="256 94 7 2"/>
			<State name="highlighted" offset="256 63 7 2"/>
			<State name="pushed" offset="256 94 7 2"/>
		</BasisSkin>
	</Resource>
	<Resource type="ResourceSkin" name="ScrollBarTrackV2Skin_Dark" size="8 15" texture="MyGUI_Dark.png">
		<BasisSkin type="SubSkin" offset="0 0 3 4" align="Left Top">
			<State name="normal" offset="241 91 3 4"/>
			<State name="highlighted" offset="241 55 3 4"/>
			<State name="pushed" offset="241 91 3 4"/>
		</BasisSkin>
		<BasisSkin type="SubSkin" offset="3 0 2 4" align="HStretch Top">
			<State name="normal" offset="244 91 2 4"/>
			<State name="highlighted" offset="244 55 2 4"/>
			<State name="pushed" offset="244 91 2 4"/>
		</BasisSkin>
		<BasisSkin type="SubSkin" offset="5 0 3 4" align="Right Top">
			<State name="normal" offset="246 91 3 4"/>
			<State name="highlighted" offset="246 55 3 4"/>
			<State name="pushed" offset="246 91 3 4"/>
		</BasisSkin>
		<BasisSkin type="SubSkin" offset="5 4 3 7" align="Right VStretch">
			<State name="normal" offset="246 95 3 7"/>
			<State name="highlighted" offset="246 59 3 7"/>
			<State name="pushed" offset="246 95 3 7"/>
		</BasisSkin>
		<BasisSkin type="SubSkin" offset="5 11 3 4" align="Right Bottom">
			<State name="normal" offset="246 102 3 4"/>
			<State name="highlighted" offset="246 66 3 4"/>
			<State name="pushed" offset="246 102 3 4"/>
		</BasisSkin>
		<BasisSkin type="SubSkin" offset="3 11 2 4" align="HStretch Bottom">
			<State name="normal" offset="244 102 2 4"/>
			<State name="highlighted" offset="244 66 2 4"/>
			<State name="pushed" offset="244 102 2 4"/>
		</BasisSkin>
		<BasisSkin type="SubSkin" offset="0 11 3 4" align="Left Bottom">
			<State name="normal" offset="241 102 3 4"/>
			<State name="highlighted" offset="241 66 3 4"/>
			<State name="pushed" offset="241 102 3 4"/>
		</BasisSkin>
		<BasisSkin type="SubSkin" offset="0 4 3 7" align="Left VStretch">
			<State name="normal" offset="241 95 3 7"/>
			<State name="highlighted" offset="241 59 3 7"/>
			<State name="pushed" offset="241 95 3 7"/>
		</BasisSkin>
		<BasisSkin type="SubSkin" offset="3 4 2 7" align="Stretch">
			<State name="normal" offset="244 95 2 7"/>
			<State name="highlighted" offset="244 59 2 7"/>
			<State name="pushed" offset="244 95 2 7"/>
		</BasisSkin>
	</Resource>
	<Resource type="ResourceSkin" name="WhiteSkin" size="2 2" texture="MyGUI_Dark.png">
		<BasisSkin type="SubSkin" offset="0 0 2 2" align="Stretch">
			<State name="normal" offset="504 120 2 2"/>
		</BasisSkin>
	</Resource>
	<Resource type="ResourceSkin" name="WhiteSkin2_Dark" size="10 10" texture="MyGUI_Dark.png">
		<BasisSkin type="SubSkin" offset="0 0 4 4" align="Left Top">
			<State name="normal" offset="500 116 4 4"/>
		</BasisSkin>
		<BasisSkin type="SubSkin" offset="4 0 2 4" align="HStretch Top">
			<State name="normal" offset="504 116 2 4"/>
		</BasisSkin>
		<BasisSkin type="SubSkin" offset="6 0 4 4" align="Right Top">
			<State name="normal" offset="506 116 4 4"/>
		</BasisSkin>
		<BasisSkin type="SubSkin" offset="6 4 4 2" align="Right VStretch">
			<State name="normal" offset="506 120 4 2"/>
		</BasisSkin>
		<BasisSkin type="SubSkin" offset="6 6 4 4" align="Right Bottom">
			<State name="normal" offset="506 122 4 4"/>
		</BasisSkin>
		<BasisSkin type="SubSkin" offset="4 6 2 4" align="HStretch Bottom">
			<State name="normal" offset="504 122 2 4"/>
		</BasisSkin>
		<BasisSkin type="SubSkin" offset="0 6 4 4" align="Left Bottom">
			<State name="normal" offset="500 122 4 4"/>
		</BasisSkin>
		<BasisSkin type="SubSkin" offset="0 4 4 2" align="Left VStretch">
			<State name="normal" offset="500 120 4 2"/>
		</BasisSkin>
		<BasisSkin type="SubSkin" offset="4 4 2 2" align="Stretch">
			<State name="normal" offset="504 120 2 2"/>
		</BasisSkin>
	</Resource>
	<Resource type="ResourceSkin" name="Window2Skin_Dark" size="22 42" texture="MyGUI_Dark.png">
		<BasisSkin type="SubSkin" offset="0 0 5 24" align="Left Top">
			<State name="normal" offset="480 2 5 24"/>
		</BasisSkin>
		<BasisSkin type="SubSkin" offset="5 0 10 24" align="HStretch Top">
			<State name="normal" offset="485 2 10 24"/>
		</BasisSkin>
		<BasisSkin type="SubSkin" offset="15 0 7 24" align="Right Top">
			<State name="normal" offset="495 2 7 24"/>
		</BasisSkin>
		<BasisSkin type="SubSkin" offset="15 24 7 11" align="Right VStretch">
			<State name="normal" offset="495 26 7 11"/>
		</BasisSkin>
		<BasisSkin type="SubSkin" offset="15 35 7 7" align="Right Bottom">
			<State name="normal" offset="495 37 7 7"/>
		</BasisSkin>
		<BasisSkin type="SubSkin" offset="5 35 10 7" align="HStretch Bottom">
			<State name="normal" offset="485 37 10 7"/>
		</BasisSkin>
		<BasisSkin type="SubSkin" offset="0 35 5 7" align="Left Bottom">
			<State name="normal" offset="480 37 5 7"/>
		</BasisSkin>
		<BasisSkin type="SubSkin" offset="0 24 5 11" align="Left VStretch">
			<State name="normal" offset="480 26 5 11"/>
		</BasisSkin>
		<BasisSkin type="SubSkin" offset="5 24 10 11" align="Stretch">
			<State name="normal" offset="485 26 10 11"/>
		</BasisSkin>
	</Resource>
	<Resource type="ResourceSkin" name="WindowXSkin_Dark" size="10 10" texture="MyGUI_Dark.png">
		<BasisSkin type="SubSkin" offset="0 0 10 10" align="Stretch">
			<State name="normal" offset="228 2 10 10"/>
			<State name="highlighted" offset="228 14 10 10"/>
			<State name="pushed" offset="228 14 10 10"/>
		</BasisSkin>
	</Resource>
</MyGUI>
