<?xml version="1.0" encoding="UTF-8"?>
<MyGUI type="Resource" version="1.1">
	<Resource type="ResourceSkin" name="MyButton" size="113 27" texture="MyButton2.png">
		<Property key="FontName" value="Default"/>
		<Property key="TextAlign" value="Center"/>
		<BasisSkin type="SubSkin" offset="0 0 11 10" align="Left Top">
			<State name="disabled" offset="8 9 11 10"/>
			<State name="normal" offset="8 38 11 10"/>
			<State name="highlighted" offset="8 67 11 10"/>
			<State name="pushed" offset="8 96 11 10"/>
		</BasisSkin>
		<BasisSkin type="SubSkin" offset="11 0 90 10" align="HStretch Top">
			<State name="disabled" offset="19 9 90 10"/>
			<State name="normal" offset="19 38 90 10"/>
			<State name="highlighted" offset="19 67 90 10"/>
			<State name="pushed" offset="19 96 90 10"/>
		</BasisSkin>
		<BasisSkin type="SubSkin" offset="101 0 12 10" align="Right Top">
			<State name="disabled" offset="109 9 12 10"/>
			<State name="normal" offset="109 38 12 10"/>
			<State name="highlighted" offset="109 67 12 10"/>
			<State name="pushed" offset="109 96 12 10"/>
		</BasisSkin>
		<BasisSkin type="SubSkin" offset="0 10 11 6" align="Left VStretch">
			<State name="disabled" offset="8 19 11 6"/>
			<State name="normal" offset="8 48 11 6"/>
			<State name="highlighted" offset="8 77 11 6"/>
			<State name="pushed" offset="8 106 11 6"/>
		</BasisSkin>
		<BasisSkin type="SubSkin" offset="11 10 90 6" align="Stretch">
			<State name="disabled" offset="19 19 90 6"/>
			<State name="normal" offset="19 48 90 6"/>
			<State name="highlighted" offset="19 77 90 6"/>
			<State name="pushed" offset="19 106 90 6"/>
		</BasisSkin>
		<BasisSkin type="SubSkin" offset="101 10 12 6" align="Right VStretch">
			<State name="disabled" offset="109 19 12 6"/>
			<State name="normal" offset="109 48 12 6"/>
			<State name="highlighted" offset="109 77 12 6"/>
			<State name="pushed" offset="109 106 12 6"/>
		</BasisSkin>
		<BasisSkin type="SubSkin" offset="0 16 11 11" align="Left Bottom">
			<State name="disabled" offset="8 25 11 11"/>
			<State name="normal" offset="8 54 11 11"/>
			<State name="highlighted" offset="8 83 11 11"/>
			<State name="pushed" offset="8 113 11 11"/>
		</BasisSkin>
		<BasisSkin type="SubSkin" offset="11 16 90 11" align="HStretch Bottom">
			<State name="disabled" offset="19 25 90 11"/>
			<State name="normal" offset="19 54 90 11"/>
			<State name="highlighted" offset="19 83 90 11"/>
			<State name="pushed" offset="19 113 90 11"/>
		</BasisSkin>
		<BasisSkin type="SubSkin" offset="101 16 12 11" align="Right Bottom">
			<State name="disabled" offset="109 25 12 11"/>
			<State name="normal" offset="109 54 12 11"/>
			<State name="highlighted" offset="109 83 12 11"/>
			<State name="pushed" offset="109 113 12 11"/>
		</BasisSkin>
		<BasisSkin type="SimpleText" offset="3 3 105 18" align="Stretch">
			<State name="disabled" colour="#000000" shift="false"/>
			<State name="normal" colour="#CCDDFF" shift="false"/>
			<State name="highlighted" colour="#FFFFFF" shift="false"/>
			<State name="pushed" colour="#606060" shift="true"/>
		</BasisSkin>
	</Resource>
</MyGUI>
