<?xml version="1.0" encoding="UTF-8"?>
<MyGUI type="Resource" version="1.1">
	<Resource type="ResourceTrueTypeFont" name="DejaVuSansFont_15">
		<Property key="Source" value="DejaVuSans.ttf"/>
		<Property key="Size" value="10"/>
		<Property key="Hinting" value="use_native"/>
		<Property key="Resolution" value="96"/>
		<Property key="Antialias" value="false"/>
		<Property key="TabWidth" value="8"/>
		<Property key="OffsetHeight" value="0"/>
		<Property key="SubstituteCode" value="0"/>
		<Codes>
			<Code range="32 126"/>
			<Code range="1025 1105"/>
			<Code range="8470 8470"/>
		</Codes>
	</Resource>
</MyGUI>
