<?xml version="1.0" encoding="UTF-8"?>
<MyGUI>
	<Tag name="File">Файл</Tag>
	<Tag name="Load">Открыть</Tag>
	<Tag name="Save">Сохранить</Tag>
	<Tag name="Save_as">Сохранить как...</Tag>
	<Tag name="Clear">Очистить</Tag>
	<Tag name="Settings">Настройки</Tag>
	<Tag name="RecentFiles">Предыдущие файлы </Tag>
	<Tag name="Quit">Выход</Tag>
	<Tag name="MenuEdit">Правка</Tag>
	<Tag name="MenuUndo">Отменить</Tag>
	<Tag name="MenuRedo">Вернуть</Tag>
	<Tag name="MenuColours">Цвета</Tag>
	<Tag name="MenuColourBackground">Цвет фона ...</Tag>
	<Tag name="MenuColourSelector">Цвет рамки ...</Tag>
	<Tag name="MenuColourSelectorInactive">Цвет неактивной рамки ...</Tag>
	<Tag name="MenuScale">Масштаб</Tag>
	<Tag name="Add">Добавить</Tag>
	<Tag name="Create">Создать</Tag>
	<Tag name="Clone">Клонировать</Tag>
	<Tag name="Delete">Удалить</Tag>
	<Tag name="Rename">Переименовать</Tag>
	<Tag name="GeneralSettings">Основные</Tag>
	<Tag name="FoldersSettings">Папки</Tag>
	<Tag name="Grid_step">Шаг сетки</Tag>
	<Tag name="ResourcesSettings">Ресурсы</Tag>
	<Tag name="ResourcesPaths">Пути к ресурсам (требуется перезагрузка)</Tag>
	<Tag name="TextAdditionalResources">Дополнительные ресурсы (требуется перезагрузка)</Tag>
	<Tag name="TextSaveLastTexture">Сохранять последнюю текстуру</Tag>
	<Tag name="TextInterfaceLanguage">Язык</Tag>
	<Tag name="OK">Ок</Tag>
	<Tag name="Ok">Ок</Tag>
	<Tag name="Cancel">Отмена</Tag>
	<Tag name="Warning">Внимание</Tag>
	<Tag name="Error">Ошибка</Tag>
	<Tag name="CaptionMainWindow">Редактор изображений - '#{CurrentFileName}' #{CurrentScale} % #{HasChanged}</Tag>
	<Tag name="CaptionEnterName">Введите имя</Tag>
	<Tag name="CaptionOpenFile">Открытие файла</Tag>
	<Tag name="CaptionSaveFile">Сохранение файла</Tag>
	<Tag name="CaptionColourPicker">Выбор цвета</Tag>
	<Tag name="CaptionOpenFolder">Выбор папки</Tag>
	<Tag name="CaptionTextureBrowse">Выбор текстуры</Tag>
	<Tag name="CaptionAddResource">Введите имя файла</Tag>
	<Tag name="ButtonOpenFile">Открыть</Tag>
	<Tag name="ButtonSaveFile">Сохранить</Tag>
	<Tag name="ButtonOpenFolder">Выбрать</Tag>
	<Tag name="ButtonUp">Вверх</Tag>
	<Tag name="TabImages">Изображения</Tag>
	<Tag name="TabGroups">Группы</Tag>
	<Tag name="TabIndexes">Индексы</Tag>
	<Tag name="TabFrames">Кадры</Tag>
	<Tag name="ColourZero">Нет цвета</Tag>
	<Tag name="ColourBlack">Черный</Tag>
	<Tag name="ColourWhite">Белый</Tag>
	<Tag name="ColourRed">Красный</Tag>
	<Tag name="ColourGreen">Зеленый</Tag>
	<Tag name="ColourBlue">Синий</Tag>
	<Tag name="ColourAlpha">Альфа</Tag>
	<Tag name="Scale50">50 %</Tag>
	<Tag name="Scale100">100 %</Tag>
	<Tag name="Scale200">200 %</Tag>
	<Tag name="Scale400">400 %</Tag>
	<Tag name="Scale800">800 %</Tag>
	<Tag name="Scale1600">1600 %</Tag>
	<Tag name="TextScale">Масштаб</Tag>
	<Tag name="TextBackgroundColour">Цвет фона</Tag>
	<Tag name="MessageUnsavedData">У вас есть несохраненные изменения. Вы хотите сохранить их?</Tag>
	<Tag name="MessageIncorrectFileFormat">Файл : #{\n}'#{CurrentFileName}'#{\n}не соответствует формату.</Tag>
	<Tag name="FormatRecentFile">#{IndexRecentFile}: #{RecentFile}</Tag>
	<Tag name="PropertyPanel">Свойства</Tag>
	<Tag name="TexturePanel">Предпросмотр</Tag>
	<Tag name="ImageListControlHelp">Нажмите кнопку '#{Create}' чтобы добавить изображение.</Tag>
	<Tag name="GroupListControlHelp">Нажмите кнопку '#{Create}' чтобы добавить группу.</Tag>
	<Tag name="IndexListControlHelp">Нажмите кнопку '#{Create}' чтобы добавить индекс.</Tag>
	<Tag name="FrameListControlHelp">Нажмите кнопку '#{Create}' чтобы добавить кадр.</Tag>
</MyGUI>
